{
  "backend": "gpu",
  "freq_hz": [
    100000000.0,
    198333333.3333333,
    296666666.6666666,
    395000000.0,
    493333333.3333333,
    591666666.6666666,
    690000000.0,
    788333333.3333333,
    886666666.6666666,
    985000000.0,
    1083333333.3333333,
    1181666666.6666665,
    1280000000.0,
    1378333333.3333333,
    1476666666.6666665,
    1575000000.0,
    1673333333.3333333,
    1771666666.6666665,
    1870000000.0,
    1968333333.3333333,
    2066666666.6666665,
    2165000000.0,
    2263333333.333333,
    2361666666.6666665,
    2460000000.0,
    2558333333.333333,
    2656666666.6666665,
    2755000000.0,
    2853333333.333333,
    2951666666.6666665,
    3050000000.0,
    3148333333.333333,
    3246666666.6666665,
    3345000000.0,
    3443333333.333333,
    3541666666.6666665,
    3640000000.0,
    3738333333.333333,
    3836666666.6666665,
    3935000000.0,
    4033333333.333333,
    4131666666.6666665,
    4230000000.0,
    4328333333.333333,
    4426666666.666666,
    4525000000.0,
    4623333333.333333,
    4721666666.666666,
    4820000000.0,
    4918333333.333333,
    5016666666.666666,
    5115000000.0,
    5150000000.0,
    5213333333.333333,
    5220000000.0,
    5290000000.0,
    5311666666.666666,
    5360000000.0,
    5410000000.0,
    5430000000.0,
    5500000000.0,
    5508333333.333333,
    5570000000.0,
    5606666666.666666,
    5640000000.0,
    5705000000.0,
    5710000000.0,
    5780000000.0,
    5803333333.333333,
    5850000000.0,
    5901666666.666666,
    6000000000.0
  ],
  "i_short_imag": [
    6.409557681763545e-06,
    1.2772236368618906e-05,
    1.9278678519185635e-05,
    2.6013728347606958e-05,
    -0.0002552784599550364,
    -4.004779912065715e-05,
    -4.6887257485650484e-05,
    -5.3136434871703386e-05,
    -5.85659290663898e-05,
    -6.325801368802787e-05,
    6.762609700672328e-05,
    7.220471161417663e-05,
    7.725612958893181e-05,
    8.237077272497118e-05,
    8.629943476989865e-05,
    -0.0011047675608580202,
    -9.762290652906286e-05,
    -7.469896993898365e-05,
    -0.00011301759857985763,
    0.00019473714782591,
    2.7952675921938354e-05,
    1.4935480430722237e-05,
    1.0692372597986832e-05,
    1.3155023043509573e-05,
    1.9549894204828888e-05,
    -2.5426663341932e-05,
    -2.6277868892066183e-05,
    -1.9295640231575818e-05,
    -4.5521570427808916e-06,
    6.52236736190241e-05,
    -4.392822607466274e-05,
    -4.819599562324584e-05,
    -5.386560223996639e-05,
    -5.094707012176514e-05,
    -4.585821452045035e-05,
    -5.5152641991251504e-05,
    -0.00030821151348281033,
    3.3613662578818165e-05,
    2.609181101433933e-05,
    3.34070879034698e-05,
    -4.1399829206056894e-05,
    -4.765147750731558e-05,
    -5.131461075507105e-05,
    -5.322978831827641e-05,
    -5.51206641830504e-05,
    0.0014943138172039503,
    6.274191546253861e-05,
    6.66090752929449e-05,
    6.723554688505829e-05,
    7.744978452318929e-05,
    -0.00010210287243337127,
    -3.738086379598827e-05,
    -3.207083500456065e-05,
    -2.3168216284830126e-05,
    -2.2321034339256585e-05,
    -1.4939755783416332e-05,
    -1.330909290118143e-05,
    -1.0921587818302215e-05,
    -1.026954487315379e-05,
    -1.0489431588212028e-05,
    -1.8967351793544006e-05,
    -2.175974423474452e-05,
    -0.00036625515833116,
    5.4444265614366665e-05,
    2.7626890577967494e-05,
    2.0512467017397285e-05,
    2.039870887529105e-05,
    1.601785625098273e-05,
    1.3294392556417734e-05,
    5.850991146871821e-06,
    -5.387573037296534e-06,
    0.00019775140780437596
  ],
  "i_short_real": [
    6.719121593050659e-05,
    6.665958790108562e-05,
    6.573882419615985e-05,
    6.431065849028527e-05,
    -0.0004810856537682361,
    -5.9061014326289296e-05,
    -5.487095913849771e-05,
    -4.9688067520037293e-05,
    -4.384173953440041e-05,
    -3.774100623559207e-05,
    3.159663756377995e-05,
    2.51630786806345e-05,
    1.767825451679528e-05,
    8.117435936583207e-06,
    -4.273242302588188e-06,
    0.0002454075737843141,
    4.195938885570142e-05,
    5.174850124146343e-05,
    0.00011884183800151941,
    -0.0003094977136198866,
    -6.893624715542089e-05,
    -5.652990657836199e-05,
    -4.675232048612088e-05,
    -3.93853901186958e-05,
    -3.796599921770394e-05,
    4.3803814332932237e-05,
    5.531890201382339e-05,
    6.84862898197025e-05,
    7.827866938896477e-05,
    0.00035246157007655696,
    -9.484125611828672e-05,
    -5.932268686592579e-05,
    -4.142548714298755e-05,
    -2.513981598895043e-05,
    -1.5911904527005038e-05,
    -2.009809125053813e-05,
    -0.00018919666023122343,
    3.220589735398033e-05,
    2.7298732311464847e-05,
    2.962483558803797e-05,
    -2.762411895673722e-05,
    -2.2424863709602507e-05,
    -1.6150728333741428e-05,
    -1.0577402281342075e-05,
    -6.105820648372174e-06,
    4.0454434400513806e-05,
    -4.965206608176232e-06,
    -1.4996586833149196e-05,
    -2.8341100551187993e-05,
    -5.314043146348304e-05,
    0.00010842018322586114,
    6.156691815704108e-05,
    6.223543314263225e-05,
    6.126429652795196e-05,
    6.101462058722973e-05,
    5.711002741008997e-05,
    5.5568153038620954e-05,
    5.195840494707227e-05,
    4.851769481319934e-05,
    4.737613198813051e-05,
    6.606558325400419e-05,
    7.332969748304145e-05,
    0.0010146153013544544,
    -0.00014269729103630043,
    -7.21897513001058e-05,
    -6.113455747254193e-05,
    -6.191165302880109e-05,
    -7.367632351815701e-05,
    -7.771882228553296e-05,
    -8.540594717487693e-05,
    -9.248051792383195e-05,
    0.0005773728362842307
  ],
  "method": "thevenin",
  "model": "dir5_port0_gtrim_nostub_longfeed",
  "open_init": "empty",
  "open_run_id": "8ab17b9fe6dd",
  "quality": "coarse",
  "short_init": "solid",
  "short_run_id": "3bde7f3cedaf",
  "v_open_imag": [
    0.007865221239626408,
    0.01360477413982153,
    0.01605968363583088,
    0.014991947449743748,
    0.011235691606998444,
    0.00633279699832201,
    0.0019439482130110264,
    -0.0007319844444282353,
    -0.0013134190812706947,
    -0.00025091221323236823,
    0.001472584204748273,
    0.002808002522215247,
    0.0030712701845914125,
    0.002169993706047535,
    0.0005560065037570894,
    -0.0010456896852701902,
    -0.0019921609200537205,
    -0.0020003998652100563,
    -0.001235137227922678,
    -0.0001874428562587127,
    0.00058129639364779,
    0.0007024372462183237,
    0.00015070785593707114,
    -0.0007761346641927958,
    -0.0016246965387836099,
    -0.0020111803896725178,
    -0.0017957556992769241,
    -0.0011290134862065315,
    -0.0003585797967389226,
    0.0001500491052865982,
    0.00018789553723763674,
    -0.00021008073235861957,
    -0.0008003503899089992,
    -0.0012642622459679842,
    -0.001369562349282205,
    -0.0010804252233356237,
    -0.0005653537809848785,
    -0.00010395885328762233,
    5.7636501878732815e-05,
    -0.00016973630408756435,
    -0.000675409275572747,
    -0.0012049615615978837,
    -0.0014852783642709255,
    -0.001356380176730454,
    -0.0008464569691568613,
    -0.00015574513236060739,
    0.0004405043146107346,
    0.0007215268560685217,
    0.000620594306383282,
    0.0002486227313056588,
    -0.00016656187654007226,
    -0.0003933836705982685,
    -0.00040009745862334967,
    -0.00030640879413113,
    -0.00028909911634400487,
    -3.8171285268617794e-05,
    5.900531687075272e-05,
    0.0002915388613473624,
    0.0005310877459123731,
    0.0006199891213327646,
    0.0008688882226124406,
    0.0008902148110792041,
    0.0009813121287152171,
    0.000976802664808929,
    0.0009354299400001764,
    0.0007660802803002298,
    0.0007490604766644537,
    0.000474188884254545,
    0.0003751459298655391,
    0.0001830406836234033,
    1.4285429870142252e-06,
    -0.00017534723156131804
  ],