{
  "backend": "gpu",
  "freq_hz": [
    100000000.0,
    198333333.3333333,
    296666666.6666666,
    395000000.0,
    493333333.3333333,
    591666666.6666666,
    690000000.0,
    788333333.3333333,
    886666666.6666666,
    985000000.0,
    1083333333.3333333,
    1181666666.6666665,
    1280000000.0,
    1378333333.3333333,
    1476666666.6666665,
    1575000000.0,
    1673333333.3333333,
    1771666666.6666665,
    1870000000.0,
    1968333333.3333333,
    2066666666.6666665,
    2165000000.0,
    2263333333.333333,
    2361666666.6666665,
    2400000000.0,
    2408000000.0,
    2416000000.0,
    2424000000.0,
    2432000000.0,
    2440000000.0,
    2448000000.0,
    2456000000.0,
    2460000000.0,
    2464000000.0,
    2472000000.0,
    2480000000.0,
    2558333333.333333,
    2656666666.6666665,
    2755000000.0,
    2853333333.333333,
    2951666666.6666665,
    3050000000.0,
    3148333333.333333,
    3246666666.6666665,
    3345000000.0,
    3443333333.333333,
    3541666666.6666665,
    3640000000.0,
    3738333333.333333,
    3836666666.6666665,
    3935000000.0,
    4033333333.333333,
    4131666666.6666665,
    4230000000.0,
    4328333333.333333,
    4426666666.666666,
    4525000000.0,
    4623333333.333333,
    4721666666.666666,
    4820000000.0,
    4918333333.333333,
    5016666666.666666,
    5115000000.0,
    5213333333.333333,
    5311666666.666666,
    5410000000.0,
    5508333333.333333,
    5606666666.666666,
    5705000000.0,
    5803333333.333333,
    5901666666.666666,
    6000000000.0
  ],
  "i_short_imag": [
    4.130926026846282e-06,
    8.860020170686768e-06,
    -1.3333078823052348e-05,
    -1.6859828610904516e-05,
    2.0720796601381154e-05,
    2.5863948394544423e-05,
    -3.0313830939121546e-05,
    -3.2309230300597845e-05,
    3.5222727456130086e-05,
    4.411499248817563e-05,
    0.00015189910632252605,
    -5.8590527623891836e-05,
    0.00011828534965684762,
    3.1047151423990726e-05,
    2.832762838806957e-05,
    -4.0055418503470724e-05,
    -5.1862699910998346e-05,
    5.293348804116249e-05,
    4.697353288065642e-05,
    0.00023085108453132185,
    -5.124765192219423e-05,
    2.1107176144141705e-05,
    1.1833947792183609e-05,
    1.2727896682918072e-05,
    -2.6423202894059248e-05,
    -1.5182218339759858e-05,
    -1.555518538225442e-05,
    -1.5887165500316768e-05,
    -1.6168465663213283e-05,
    -1.638972607906908e-05,
    -1.654206425882876e-05,
    -1.6617205983493476e-05,
    -1.662340509938076e-05,
    -1.660753332544118e-05,
    -1.6506305837538093e-05,
    -1.63074946613051e-05,
    4.4138835903345074e-05,
    -1.141448228736408e-05,
    -2.6495521888136866e-05,
    -2.697148726011972e-05,
    -0.00019502944633036917,
    -9.120074537349865e-06,
    -1.0501105862203985e-05,
    -4.1613277033719284e-05,
    1.3442085764836521e-05,
    -2.187780359589541e-05,
    -2.4906592443585396e-05,
    -2.5476323207840325e-05,
    7.216550867197785e-05,
    4.6459763339106555e-05,
    -2.127759362338111e-05,
    -2.383900864515454e-05,
    2.370907604927197e-05,
    2.5484678917564452e-05,
    -3.087874210905284e-05,
    -3.39453894412145e-05,
    9.475317261897257e-05,
    2.9263371834531428e-05,
    -3.380378184374422e-05,
    -4.047424008604139e-05,
    -4.1292980313301086e-05,
    3.69080895325169e-05,
    5.501811047489164e-05,
    -3.073417174164206e-05,
    -2.4262527585960927e-05,
    -0.0007078822159146349,
    1.8667653710456456e-05,
    -1.1237045691814274e-05,
    -5.7549477787688375e-06,
    1.146435461123474e-05,
    -0.00011406029849439031,
    0.00039555145349941706
  ],
  "i_short_real": [
    4.323093453422189e-05,
    4.290009092073888e-05,
    -4.145010898355395e-05,
    -3.9956433465704325e-05,
    3.9198680315166716e-05,
    3.760184335988015e-05,
    -3.392233920749277e-05,
    -3.0723251984454695e-05,
    3.0859155231155455e-05,
    3.038216382265091e-05,
    5.6800050318851765e-05,
    -2.233941268059425e-06,
    -3.13941493816806e-05,
    -1.0918545740423724e-05,
    1.0710249625844882e-06,
    -6.209035927895457e-06,
    3.240976730012335e-06,
    -1.8317575450055304e-05,
    -2.8895793366245926e-05,
    -0.0002029848654221289,
    6.672268065521541e-05,
    -4.608848248608411e-05,
    -4.08284307923168e-05,
    -3.534137504175306e-05,
    6.432470357540265e-05,
    3.6371243186295037e-05,
    3.6855525104328995e-05,
    3.742636763490737e-05,
    3.8079987280070786e-05,
    3.881158481817693e-05,
    3.961528418585658e-05,
    4.04843915021047e-05,
    4.0941042243503034e-05,
    4.1411136044189335e-05,
    4.2387083522044125e-05,
    4.3402949813753366e-05,
    -0.0002711080282840428,
    -5.506130983121694e-05,
    -4.014804726466537e-05,
    -2.4271161980417596e-05,
    -0.00022008495705807106,
    -1.982522662729025e-05,
    -2.2683374118059875e-05,
    -7.82472880869791e-05,
    2.4162924091797322e-05,
    -2.9946995640369017e-05,
    -2.107202308252454e-05,
    -1.3229296018835158e-05,
    3.4258702646199447e-05,
    3.0885525925305035e-05,
    -1.3825035421177746e-05,
    -1.1593543604249135e-05,
    1.0124322579940781e-05,
    1.1235707643209026e-05,
    -9.680401126388462e-06,
    -3.15706929541193e-06,
    -6.137543785611582e-06,
    -1.2394822078931612e-06,
    1.7831135892265593e-07,
    6.195776950335131e-06,
    1.6725511522963645e-05,
    -2.431796892778948e-05,
    -4.722074677294359e-05,
    3.458040009718388e-05,
    4.123936523683369e-05,
    0.001977672836078522,
    -6.923003569085031e-05,
    4.445968952495605e-05,
    5.480510299094021e-05,
    6.228327983990312e-05,
    -0.00019322428344440508,
    0.00031997401681457956
  ],
  "method": "thevenin",
  "model": "dir24_long_port0_gtrim_matchpad_longstub",
  "open_init": "empty",
  "open_run_id": "21b9711bb2dc",
  "quality": "coarse",
  "short_init": "solid",
  "short_run_id": "78f831dbed29",
  "v_open_imag": [
    0.0162239708006382,
    0.016291027888655663,
    0.005554601550102234,
    -0.0003274539194535464,
    0.00251557445153594,
    0.0049820756539702415,
    0.002175278263166547,
    -0.0006100196042098105,
    0.0007126531563699245,
    0.002464690711349249,
    0.0010675766970962286,
    -0.0008285145158879459,
    -9.140250767813995e-05,
    0.0012789707398042083,
    0.0004813261330127716,
    -0.0009581041522324085,
    -0.0005111612845212221,
    0.0006474964320659637,
    0.0002032406919170171,
    -0.000972221081610769,
    -0.0007706258329562843,
    0.00019898312166333199,
    7.3440998676233e-05,
    -0.0007048683473840356,
    -0.0007866310188546777,
    -0.0007779698935337365,
    -0.0007605857099406421,
    -0.0007348382496275008,
    -0.0007012257701717317,
    -0.0006603756337426603,
    -0.0006130366818979383,
    -0.000560060900170356,
    -0.0005317514878697693,
    -0.0005023941630497575,
    -0.0004410572291817516,
    -0.0003771322953980416,
    0.00015515102131757885,
    -0.00013838335871696472,
    -0.0009789790492504835,
    -0.0008686971268616617,
    -0.00011976686073467135,
    -0.00016758835408836603,
    -0.0008103741565719247,
    -0.0007229342591017485,
    -8.64622852532193e-05,
    -0.00019096469623036683,
    -0.000878824619576335,
    -0.000823688053060323,
    -6.965291686356068e-05,
    5.8923316828440875e-05,
    -0.0005488587776198983,
    -0.0006511681131087244,
    -2.6863983293878846e-05,
    0.00018643100338522345,
    -0.0002981321304105222,
    -0.00043713473132811487,
    9.602437057765201e-05,
    0.00032919348450377584,
    -0.00010630881297402084,
    -0.0003054474655073136,
    0.00014512513007503003,
    0.0004136899660807103,
    4.4579635869013146e-05,
    -0.00021879405539948493,
    0.00010479047341505066,
    0.000373717921320349,
    0.00011615060793701559,
    -0.00012438988778740168,
    6.919083534739912e-05,
    0.00022044568322598934,
    2.119694727298338e-05,
    -7.314256890822435e-06
  ],