{
  "backend": "gpu",
  "freq_hz": [
    100000000.0,
    198333333.3333333,
    296666666.6666666,
    395000000.0,
    493333333.3333333,
    591666666.6666666,
    690000000.0,
    788333333.3333333,
    886666666.6666666,
    985000000.0,
    1083333333.3333333,
    1181666666.6666665,
    1280000000.0,
    1378333333.3333333,
    1476666666.6666665,
    1575000000.0,
    1673333333.3333333,
    1771666666.6666665,
    1870000000.0,
    1968333333.3333333,
    2066666666.6666665,
    2165000000.0,
    2263333333.333333,
    2361666666.6666665,
    2400000000.0,
    2408000000.0,
    2416000000.0,
    2424000000.0,
    2432000000.0,
    2440000000.0,
    2448000000.0,
    2456000000.0,
    2460000000.0,
    2464000000.0,
    2472000000.0,
    2480000000.0,
    2558333333.333333,
    2656666666.6666665,
    2755000000.0,
    2853333333.333333,
    2951666666.6666665,
    3050000000.0,
    3148333333.333333,
    3246666666.6666665,
    3345000000.0,
    3443333333.333333,
    3541666666.6666665,
    3640000000.0,
    3738333333.333333,
    3836666666.6666665,
    3935000000.0,
    4033333333.333333,
    4131666666.6666665,
    4230000000.0,
    4328333333.333333,
    4426666666.666666,
    4525000000.0,
    4623333333.333333,
    4721666666.666666,
    4820000000.0,
    4918333333.333333,
    5016666666.666666,
    5115000000.0,
    5213333333.333333,
    5311666666.666666,
    5410000000.0,
    5508333333.333333,
    5606666666.666666,
    5705000000.0,
    5803333333.333333,
    5901666666.666666,
    6000000000.0
  ],
  "i_short_imag": [
    4.016772072645836e-06,
    6.908008072059602e-06,
    -9.149829566013068e-06,
    -1.2194387090858072e-05,
    1.6413789126090705e-05,
    2.0116407540626824e-05,
    -2.18744928133674e-05,
    -2.3167491599451753e-05,
    2.6856514159590007e-05,
    3.31503339111805e-05,
    5.85316074908385e-05,
    -4.006750823464245e-05,
    8.51480685458191e-05,
    2.8500947519205513e-05,
    2.396352210780606e-05,
    -2.7577055152505637e-05,
    -3.68437817087397e-05,
    4.1392506682313984e-05,
    3.5496431519277397e-05,
    0.0002297524696766641,
    -2.7338409563526514e-05,
    3.20921593811363e-05,
    2.8127446421422066e-05,
    1.4306635421235114e-05,
    9.258234058506787e-06,
    8.750291444209477e-06,
    1.0908008869564472e-05,
    1.662768984576723e-05,
    5.721121736198082e-05,
    -2.5994631137217828e-05,
    -9.140417884513887e-06,
    -5.103695126758973e-06,
    -4.690317291533575e-06,
    -4.556331259664148e-06,
    -4.350504605099559e-06,
    -4.224528674967587e-06,
    -1.2699838266861622e-05,
    5.9562789829215035e-06,
    -5.104751107865013e-06,
    -2.4090131514247536e-05,
    0.0021781209215987474,
    -2.101656427839771e-05,
    -2.8200325323268773e-05,
    -3.7570335553027694e-05,
    -5.659211538267395e-05,
    -3.199343217750607e-05,
    -1.3782964379061015e-05,
    -2.4608211242593827e-05,
    -5.471703627773555e-05,
    -6.118417897635955e-05,
    -6.8821485911030326e-06,
    -5.701425470761024e-06,
    1.428996038157493e-05,
    3.687590264163621e-05,
    -1.096786218113266e-05,
    -8.722562051843852e-06,
    1.3705482706427576e-05,
    1.7882982501760124e-05,
    -1.7163378652185204e-05,
    -1.6653323837090283e-05,
    -1.893769222078845e-05,
    1.9227479060646147e-05,
    5.0677292128959053e-05,
    -1.0745380859589205e-05,
    -1.0020121408160776e-05,
    1.0534156172070653e-05,
    1.00408069556579e-05,
    -9.850508649833501e-06,
    -9.78038806351833e-06,
    6.506006320705638e-06,
    1.1572064977372066e-07,
    9.068334512664103e-06
  ],
  "i_short_real": [
    3.268001892138273e-05,
    3.1414986005984245e-05,
    -3.084198979195207e-05,
    -3.092291299253702e-05,
    3.0053191585466267e-05,
    2.7371605392545464e-05,
    -2.454528002999723e-05,
    -2.3666606284677983e-05,
    2.3786912788636985e-05,
    2.1435332018882037e-05,
    2.2086563200746424e-05,
    -5.045795114710927e-06,
    -7.70252901874523e-06,
    -6.023984678904526e-06,
    -2.1823263523401694e-06,
    -2.9595947125926616e-06,
    -6.074414159229491e-07,
    -1.0867060336750002e-05,
    -2.1567913063336166e-05,
    -0.00019142479446602648,
    2.0055627101100984e-05,
    -2.5856151478365066e-05,
    -3.8538005901500584e-05,
    -4.395997966639698e-05,
    -4.2524747550487524e-05,
    -4.387250331211506e-05,
    -5.967443477963998e-05,
    -9.908120476894686e-05,
    -0.000370045612941043,
    0.00018149663734514412,
    6.834572368253088e-05,
    4.044149540778734e-05,
    3.8079469231888655e-05,
    3.776709490921348e-05,
    3.715880156960339e-05,
    3.6580301821231845e-05,
    7.376916353382874e-05,
    -4.032660799566657e-05,
    -4.646056622732431e-05,
    -5.370370987779367e-05,
    0.0031127355759963393,
    -2.891717595048249e-05,
    -2.893557830248028e-05,
    -1.7975928494706752e-05,
    -2.278236202829979e-06,
    3.910713926443493e-06,
    -8.150403300533072e-06,
    -1.1940402328036727e-05,
    1.624310312171809e-06,
    3.93491336325313e-05,
    1.0277301771566272e-05,
    -1.6492207578266972e-06,
    4.086098124389537e-06,
    -5.9532852489643005e-06,
    5.033332854509354e-06,
    -1.084102791537589e-07,
    2.968630178656895e-06,
    -6.438906439143466e-07,
    4.379074380267412e-06,
    4.8235273425234485e-06,
    6.6223779867868876e-06,
    -1.1990090570179746e-05,
    -5.4093021711766376e-05,
    1.54981593368575e-05,
    1.3959749776404352e-05,
    -1.462556392652914e-05,
    -1.6073664301075042e-05,
    1.7379916971549392e-05,
    2.0592621876858178e-05,
    -2.514462685212493e-05,
    -2.6492698816582563e-05,
    5.17753801090793e-05
  ],
  "method": "thevenin",
  "model": "dir24_long_port0_gtrim_longfeed",
  "open_init": "empty",
  "open_run_id": "9f49228be3fe",
  "quality": "coarse",
  "short_init": "solid",
  "short_run_id": "f69f8a90b979",
  "v_open_imag": [
    0.014767114073038101,
    0.014816779643297195,
    0.005038605537265539,
    -0.0002993942180182785,
    0.002306321170181036,
    0.004543615970760584,
    0.001969509292393923,
    -0.0005601320299319923,
    0.0006681018858216703,
    0.0022628887090831995,
    0.000964330043643713,
    -0.0007667614263482392,
    -6.676242628600448e-05,
    0.001190651673823595,
    0.00043120651389472187,
    -0.0009015234536491334,
    -0.0004743503232020885,
    0.0005844369297847152,
    0.0001328133075730875,
    -0.0009531460236757994,
    -0.0006974452408030629,
    0.00022376810375135392,
    -2.2698037355439737e-05,
    -0.0009222014341503382,
    -0.0010284197051078081,
    -0.001022155163809657,
    -0.001006117439828813,
    -0.0009806250454857945,
    -0.0009461428853683174,
    -0.0009032722446136177,
    -0.0008527440950274467,
    -0.0007954015163704753,
    -0.0007644669385626912,
    -0.0007321911980397999,
    -0.00066414475440979,
    -0.000592364463955164,
    6.631986616412178e-05,
    -4.3002914026146755e-05,
    -0.0008300276822410524,
    -0.0007710016798228025,
    -1.9086022803094238e-05,
    -1.642084498598706e-05,
    -0.0007108404533937573,
    -0.0007357767317444086,
    -4.194075154373422e-05,
    8.931682532420382e-05,
    -0.0004838293243665248,
    -0.0005857034702785313,
    -2.5586061383364722e-05,
    0.00010567782010184601,
    -0.00040199936483986676,
    -0.0004894424346275628,
    9.5388873887714e-05,
    0.00028120752540417016,
    -0.00031977411708794534,
    -0.0006928103393875062,
    -0.0002756606845650822,
    0.00011199084838153794,
    -0.00014865995035506785,
    -0.0004451086570043117,
    -0.0002048020251095295,
    0.00011719324538717046,
    5.98965234530624e-05,
    1.4913878203515196e-06,
    0.0002602333843242377,
    0.0004010123375337571,
    0.00013778154971078038,
    -3.558134631020948e-05,
    0.00021780650422442704,
    0.00042163985199294984,
    0.000210586964385584,
    2.5567549528204836e-05
  ],