{
  "a_imag": [
    0.2323081711391713,
    0.4854369207863468,
    0.8492435999599912,
    1.7779011257295982,
    0.4393545703821191,
    0.14425051439201458,
    0.427448501402514,
    0.6635848914272231,
    1.048703311109608,
    0.7982800175843363,
    -0.007737740818479222,
    0.151327235588764,
    0.27684490222197033,
    0.42681583620165875,
    0.6614791190034958,
    -0.025556862930561364,
    0.02112234031488902,
    0.054060361403438506,
    0.061767592746707733,
    0.05479620229239046,
    0.03598534936099118,
    0.0038507075815568115,
    -0.039927931748680257,
    -0.08431062885128804,
    0.10302475357869278,
    0.3505534878599177,
    0.13468740688134817,
    -0.06855213640357416,
    0.24905178055643074,
    0.2248043492638505,
    0.13425974406004526,
    0.07044211151131319,
    0.008836665420668743,
    -0.07865722718070778,
    -0.26738145686655,
    0.24479488577146413,
    0.10298404544090034,
    0.033799566491036215,
    -0.018504826301781296,
    -0.06748689840755184,
    -0.07165690215880036,
    -0.050843039862524364,
    0.03851983638206602,
    -0.0005212378738750356,
    -0.03457820326213057,
    0.02186130946122672,
    0.012392575733761069,
    0.044824207192937005,
    0.017365562113391464,
    -0.013961829833003037,
    -0.050554417111638994,
    -0.06574814051753464,
    -0.06297181952511588,
    -0.026152334887160178,
    0.00806433026860831,
    -0.006427695997864025,
    -0.03744176374792514,
    -0.0786885078143178,
    -0.1096596417963811,
    -0.04432930294675064,
    0.027207239640125364
  ],
  "a_real": [
    0.5991127356270348,
    0.5978033833305099,
    0.6115984990356227,
    0.532700750467658,
    -2.191853215947459,
    -0.5942409613322298,
    -0.3746408940414507,
    -0.35827693632370305,
    -0.5443128711645843,
    -1.8126628064731012,
    -1.0123310657856521,
    -0.7660088889846735,
    -0.7255452139536953,
    -0.7467910303330549,
    -1.1667947187790642,
    -1.1391108048431777,
    -0.9517874858372343,
    -0.9202662367114174,
    -0.9238740853640456,
    -0.9394560812706793,
    -0.964633660487278,
    -0.9983371253996185,
    -1.0518693619448634,
    -1.1717282441019425,
    -1.4304914733689182,
    -1.0906551240797815,
    -0.9786598820057096,
    -1.114421450056383,
    -1.1833671816137725,
    -1.0501817075003972,
    -1.019816159913871,
    -1.0109282566811029,
    -1.0047926133676606,
    -0.9895189192674543,
    -0.8036455092074714,
    -0.8240665433067914,
    -0.9712947780766019,
    -0.9975706070077538,
    -1.0100715205052466,
    -1.0213706590363834,
    -1.1154341558724985,
    -1.1981286914265135,
    -1.0942799555807354,
    -1.0125906281637564,
    -0.9541144931898067,
    -0.8610136360771478,
    -0.9143179131946098,
    -0.9648041969144796,
    -1.0004517257553995,
    -0.9991180564489972,
    -0.9988211502594155,
    -0.9840818202060791,
    -0.9580162588917411,
    -0.9451777231701519,
    -0.9840572245044241,
    -1.0313814921003903,
    -1.0562939416089974,
    -1.042847539058388,
    -0.9969799918531306,
    -0.9358935841623054,
    -1.017624873349075
  ],
  "b_imag": [
    -0.708770616770696,
    0.9350646230364105,
    0.05286725903217303,
    0.12294842570756237,
    -2.8385152511377325,
    0.08309812055615212,
    1.343957920812039,
    -0.10402704890229336,
    0.15297382085707104,
    0.06013400980169137,
    0.18913065757250125,
    0.15337352209839972,
    0.25419246031178855,
    -0.4290904240654274,
    -0.5146154848116632,
    0.06374535656186452,
    -0.2336208064609101,
    0.17518069697355,
    -0.032399394489986716,
    -0.2500828415453438,
    -0.5521236999673405,
    -1.2052407236304221,
    -1.296228978029405,
    -1.1174427952563455,
    -1.2326139333301567,
    -1.1565598433171873,
    -1.1277122473042647,
    -1.9380675274006725,
    -0.7270520025482825,
    -0.7310280055088072,
    -1.1734776233329463,
    -1.2327673590351773,
    -1.1043535318987847,
    -1.4365622396387665,
    -1.7569080801041264,
    -1.3773071748384744,
    -1.1552118963033906,
    -1.3163290094310909,
    -0.8842400132058064,
    -1.4534009905972511,
    0.7781283373725394,
    -0.6987091884500047,
    -0.882675201170526,
    -1.0622440068473,
    -1.0454108176871675,
    -1.609395022111129,
    -2.0344956892266475,
    -1.4818965703512155,
    -1.1392990363840494,
    0.8528897372873879,
    1.9936578380685506,
    1.7540374122497409,
    2.1658471080285673,
    2.209143975888096,
    0.7226913852232998,
    -0.02826783885581193,
    0.08300567767824552,
    0.29899051367557683,
    0.6389548839851996,
    1.2828586483203226,
    0.45131175230731635
  ],
  "b_real": [
    0.2930678605291386,
    -1.5460528243634308,
    -0.10718119731589279,
    2.9036014143666504,
    0.17251812758337093,
    0.08204124488743919,
    0.20275808371350798,
    -1.0058383052984685,
    -0.5255514391042345,
    -1.8826661165639578,
    0.275650354126242,
    -0.2667556104773422,
    -1.0754075936957832,
    -0.8147311272567673,
    -0.38941272656779347,
    -0.49483868206506404,
    -0.45238111913963747,
    -0.6474104512288962,
    -1.1244256505790047,
    -1.1658441495874128,
    -1.4954302435298663,
    -1.9204412923588714,
    -0.2769947956267435,
    -0.03144959669525693,
    0.04205142551052976,
    -0.5756992189171091,
    -0.8378985123121026,
    -0.41148720249189774,
    0.46162713362943775,
    -0.9686289064782884,
    -0.6435686421917202,
    -0.48342460615148813,
    -0.7912315028941953,
    0.037479408982913576,
    -0.2826931538113868,
    0.9667817959385785,
    0.4130799105094232,
    0.2553698999541924,
    0.8669062415460379,
    0.9177245673793161,
    0.29867218334572,
    0.26955995421652357,
    0.4276339552758726,
    0.03905955520785753,
    0.5139052393219296,
    -0.28726662901047784,
    1.7692413625428636,
    1.9812610411872724,
    1.4948499588143718,
    -0.473864484369783,
    2.515977485926335,
    2.5701708199518905,
    2.106908532269524,
    0.9562825148962735,
    0.25583917304901915,
    -0.5851664689680453,
    -0.009622103588206105,
    1.412869420695889,
    2.114597110511806,
    1.6381699788876711,
    -0.37710921173884343
  ],
  "c_imag": [
    -1.1064045098357544,
    2.0809240133771967,
    0.05439140135382773,
    -1.7610413206554998,
    1.053095352472655,
    -0.05847199268513381,
    -1.4422702219993206,
    1.1153399631861554,
    0.324771950782888,
    0.7961944955177821,
    -0.19112073046739983,
    -0.04565238284086223,
    0.2297635357282352,
    0.8591988258213933,
    0.6523039376800431,
    -0.15415993493939262,
    0.26883498394758365,
    -0.12784581233567144,
    0.1347849200739164,
    0.3570882918571433,
    0.6473744022096224,
    1.2212010891643255,
    1.2122285844776028,
    0.9033533289955269,
    0.7536008435794175,
    1.0635605721283388,
    1.173517185306629,
    1.8158596343304767,
    0.2822608375286238,
    0.7920676762523627,
    1.1527351027802069,
    1.204766394489514,
    1.09664073544512,
    1.510315822082045,
    2.2316292161942695,
    1.3053091724559671,
    1.108234473387452,
    1.2942362403182333,
    0.8941184152892243,
    1.5226663682355834,
    -0.5682323049078035,
    0.6782923192649528,
    0.8066833294792194,
    1.0510557443151924,
    1.1018832848100713,
    1.8720437743619827,
    1.897665759926862,
    1.3915123498808355,
    1.112141117317432,
    -0.8431859730461941,
    -1.9485062125154322,
    -1.7076355574406699,
    -2.153018440314097,
    -2.2456907351308057,
    -0.7407533128774556,
    0.06290379946256547,
    -0.031068400710714872,
    -0.17339399090594698,
    -0.6073992470812655,
    -1.3630298778218166,
    -0.42181530660739947
  ],