{
  "backend": "gpu",
  "freq_hz": [
    100000000.0,
    198333333.3333333,
    296666666.6666666,
    395000000.0,
    493333333.3333333,
    591666666.6666666,
    690000000.0,
    788333333.3333333,
    886666666.6666666,
    985000000.0,
    1083333333.3333333,
    1181666666.6666665,
    1280000000.0,
    1378333333.3333333,
    1476666666.6666665,
    1575000000.0,
    1673333333.3333333,
    1771666666.6666665,
    1870000000.0,
    1968333333.3333333,
    2066666666.6666665,
    2165000000.0,
    2263333333.333333,
    2361666666.6666665,
    2460000000.0,
    2558333333.333333,
    2656666666.6666665,
    2755000000.0,
    2853333333.333333,
    2951666666.6666665,
    3050000000.0,
    3148333333.333333,
    3246666666.6666665,
    3345000000.0,
    3443333333.333333,
    3541666666.6666665,
    3640000000.0,
    3738333333.333333,
    3836666666.6666665,
    3935000000.0,
    4033333333.333333,
    4131666666.6666665,
    4230000000.0,
    4328333333.333333,
    4426666666.666666,
    4525000000.0,
    4623333333.333333,
    4721666666.666666,
    4820000000.0,
    4918333333.333333,
    5016666666.666666,
    5115000000.0,
    5150000000.0,
    5213333333.333333,
    5220000000.0,
    5290000000.0,
    5311666666.666666,
    5360000000.0,
    5410000000.0,
    5430000000.0,
    5500000000.0,
    5508333333.333333,
    5570000000.0,
    5606666666.666666,
    5640000000.0,
    5705000000.0,
    5710000000.0,
    5780000000.0,
    5803333333.333333,
    5850000000.0,
    5901666666.666666,
    6000000000.0
  ],
  "i_short_imag": [
    5.487718226504512e-06,
    1.1206218914594501e-05,
    1.7348729306831957e-05,
    2.371431764913723e-05,
    2.9875972541049126e-05,
    -3.5387754905968904e-05,
    -4.001075285486877e-05,
    -4.3832964729517704e-05,
    -4.721226869150997e-05,
    -5.056595546193421e-05,
    5.41156972758472e-05,
    5.772842559963465e-05,
    6.0949387261644006e-05,
    6.3224823679775e-05,
    6.420519785024227e-05,
    -6.396279204636813e-05,
    -6.298446678556503e-05,
    -6.190517451614142e-05,
    -6.108315428718925e-05,
    -6.021850276738405e-05,
    5.822917446494103e-05,
    5.350382416509092e-05,
    4.448755935300142e-05,
    3.039425937458873e-05,
    1.1751939746318385e-05,
    -9.474385296925903e-06,
    -4.398324132197036e-05,
    -0.000170365090471462,
    -0.0032760813433778684,
    -0.0018884431559041508,
    -0.00015764245703209361,
    -5.739860464954192e-05,
    -4.6655483311042195e-05,
    -4.0383229497820144e-05,
    -3.680823720060289e-05,
    -3.603412769734859e-05,
    -4.506679798998914e-05,
    -0.00011557828358359089,
    0.0015119924778071057,
    0.00041766422252288,
    -0.00016629164945373805,
    -4.1192794962514085e-05,
    -2.3222371237352493e-05,
    -1.8549970991443843e-05,
    -1.4375889440998436e-05,
    -1.0485549137229101e-05,
    -6.7440794388194e-06,
    -3.895548966279412e-06,
    5.66441804596286e-06,
    -0.00019492339364139455,
    -5.9742565598879606e-05,
    2.529191089752738e-05,
    1.1446957726075163e-05,
    6.02329928369727e-06,
    5.892562330700458e-06,
    4.305963739170693e-06,
    3.7681016692658887e-06,
    2.569668504293077e-06,
    1.4295169421529863e-06,
    1.026855352392886e-06,
    -3.564488224583329e-08,
    -1.2043528840877116e-07,
    -7.074156329467879e-07,
    -1.300334878653739e-06,
    -1.5011812593002105e-05,
    -1.4384918808517484e-06,
    -1.5111624134038646e-06,
    -2.4528656551980294e-06,
    -2.793719706106736e-06,
    -3.631704588381007e-06,
    -5.169317354242244e-06,
    -5.098751994208754e-05
  ],
  "i_short_real": [
    5.624780897051096e-05,
    5.598351708613336e-05,
    5.5128772510215645e-05,
    5.331610445864499e-05,
    5.039020907133818e-05,
    -4.6512033441103996e-05,
    -4.2091007344424725e-05,
    -3.757624072022736e-05,
    -3.321774711366743e-05,
    -2.8927813400514427e-05,
    2.4326062703039498e-05,
    1.8953808466903866e-05,
    1.2548525410238655e-05,
    5.227553265285679e-06,
    -2.5341627406305637e-06,
    1.0144335101358593e-05,
    1.7243671754840763e-05,
    2.3982730635907504e-05,
    3.105264622718096e-05,
    3.940094029530883e-05,
    -4.97140979859978e-05,
    -6.188062834553421e-05,
    -7.469195406883955e-05,
    -8.596549159847201e-05,
    -9.311013272963465e-05,
    -9.396045934408904e-05,
    -0.00012718107453265856,
    -0.00026798671064223777,
    -0.003218853542070982,
    -0.0011882936534486268,
    -6.108235030492128e-05,
    -1.2458596868952671e-05,
    -5.100713678984903e-06,
    -2.575568032625597e-06,
    -2.2885502403369174e-06,
    -2.1212770661804828e-06,
    -6.118242961444486e-07,
    9.464384244390366e-06,
    -0.0003290968768321839,
    -0.00016075911656420508,
    9.666422350325652e-05,
    3.336406121717034e-05,
    2.5051418924704196e-05,
    2.6077649090439083e-05,
    2.6466426788829267e-05,
    2.6564343716017903e-05,
    2.7113370584866728e-05,
    4.040035292971514e-05,
    8.629745205098656e-05,
    -0.0008192295203937709,
    -0.00014373757625631123,
    4.3975084328693224e-05,
    1.858742673724639e-05,
    9.365105506731198e-06,
    9.18793521123007e-06,
    7.771835953462869e-06,
    7.507205009460449e-06,
    7.21708856872283e-06,
    7.329263462452218e-06,
    7.479164196411148e-06,
    8.376826735911891e-06,
    8.513620559824631e-06,
    1.5454662421897237e-05,
    3.608114950286304e-05,
    0.001093596001737751,
    -2.596948427372867e-05,
    -2.447417483886656e-05,
    -1.5231401409732185e-05,
    -1.4154376422249589e-05,
    -1.3294014730607628e-05,
    -1.4350464912885348e-05,
    -9.675654952900987e-05
  ],
  "method": "thevenin",
  "model": "dir5_huge_longfeed",
  "open_init": "empty",
  "open_run_id": "f8038e91e2f6",
  "quality": "coarse",
  "short_init": "solid",
  "short_run_id": "640d47bfbc40",
  "v_open_imag": [
    0.00764748640358448,
    0.013228002935647964,
    0.015614685602486134,
    0.014576442539691925,
    0.010924875736236572,
    0.006159828510135412,
    0.0018964107148349285,
    -0.0006999233737587929,
    -0.0012592169223353267,
    -0.0002213513944298029,
    0.0014559081755578518,
    0.0027510779909789562,
    0.0029989155009388924,
    0.002111186273396015,
    0.0005301565979607403,
    -0.0010360756423324347,
    -0.0019604945555329323,
    -0.00196856283582747,
    -0.0012238792842254043,
    -0.0002090908237732947,
    0.0005252260598354042,
    0.0006188425468280911,
    5.000650344300084e-05,
    -0.0008844923577271402,
    -0.0017343823565170169,
    -0.0021187281236052513,
    -0.001899329829029739,
    -0.0012280145892873406,
    -0.00045486996532417834,
    5.0166061555501074e-05,
    7.309190550586209e-05,
    -0.00035326380748301744,
    -0.0009806592715904117,
    -0.0014768921537324786,
    -0.001589302089996636,
    -0.001261093420907855,
    -0.0006479952135123312,
    -3.276686038589105e-05,
    0.0003164026711601764,
    0.0002732780412770808,
    -9.328588203061372e-05,
    -0.000562163651920855,
    -0.0008736982708796859,
    -0.0008566522155888379,
    -0.0005069705657660961,
    1.7228710930794477e-05,
    0.0004783978220075369,
    0.0006770745967514813,
    0.0005462911794893444,
    0.00017855993064586073,
    -0.0002247743686893955,
    -0.000454393622931093,
    -0.00046780292177572846,
    -0.00039360058144666255,
    -0.0003788122849073261,
    -0.00015773916675243527,
    -7.038692274363711e-05,
    0.00014101964188739657,
    0.00036212150007486343,
    0.0004452092107385397,
    0.0006833506049588323,
    0.0007045256206765771,
    0.0008026243885979056,
    0.0008090051123872399,
    0.0007815383723936975,
    0.0006482071476057172,
    0.0006343315471895039,
    0.0004062606021761894,
    0.00032307961373589933,
    0.00016117359336931258,
    8.245724529842846e-06,
    -0.00013619501260109246
  ],