{
  "backend": "gpu",
  "freq_hz": [
    100000000.0,
    198333333.3333333,
    296666666.6666666,
    395000000.0,
    493333333.3333333,
    591666666.6666666,
    690000000.0,
    788333333.3333333,
    886666666.6666666,
    985000000.0,
    1083333333.3333333,
    1181666666.6666665,
    1280000000.0,
    1378333333.3333333,
    1476666666.6666665,
    1575000000.0,
    1673333333.3333333,
    1771666666.6666665,
    1870000000.0,
    1968333333.3333333,
    2066666666.6666665,
    2165000000.0,
    2263333333.333333,
    2361666666.6666665,
    2460000000.0,
    2558333333.333333,
    2656666666.6666665,
    2755000000.0,
    2853333333.333333,
    2951666666.6666665,
    3050000000.0,
    3148333333.333333,
    3246666666.6666665,
    3345000000.0,
    3443333333.333333,
    3541666666.6666665,
    3640000000.0,
    3738333333.333333,
    3836666666.6666665,
    3935000000.0,
    4033333333.333333,
    4131666666.6666665,
    4230000000.0,
    4328333333.333333,
    4426666666.666666,
    4525000000.0,
    4623333333.333333,
    4721666666.666666,
    4820000000.0,
    4918333333.333333,
    5016666666.666666,
    5115000000.0,
    5150000000.0,
    5213333333.333333,
    5220000000.0,
    5290000000.0,
    5311666666.666666,
    5360000000.0,
    5410000000.0,
    5430000000.0,
    5500000000.0,
    5508333333.333333,
    5570000000.0,
    5606666666.666666,
    5640000000.0,
    5705000000.0,
    5710000000.0,
    5780000000.0,
    5803333333.333333,
    5850000000.0,
    5901666666.666666,
    6000000000.0
  ],
  "i_short_imag": [
    6.523116462631151e-06,
    1.2450612848624588e-05,
    1.7620896687731147e-05,
    2.2081825591158122e-05,
    2.6179919950664045e-05,
    -3.04092129226774e-05,
    -3.518991579767317e-05,
    -4.066617111675441e-05,
    -4.660716804210097e-05,
    -5.2453571697697043e-05,
    5.749494885094464e-05,
    6.110797985456884e-05,
    6.296178908087313e-05,
    6.310842582024634e-05,
    7.351109093304856e-05,
    -0.00010266932049907131,
    -5.760608473792672e-05,
    -5.515582743100822e-05,
    -5.254903808236123e-05,
    -4.957783385179937e-05,
    4.6088921456539994e-05,
    4.1920159128494566e-05,
    3.740488609764725e-05,
    3.281975514255464e-05,
    3.724053942027426e-05,
    -0.00012551300167985195,
    -1.909098937176168e-05,
    -1.2709393922705204e-05,
    -3.858543641399593e-06,
    8.071095362538473e-06,
    -2.675202797056882e-05,
    -3.942038747482002e-05,
    -5.567068001255393e-05,
    -6.932665710337461e-05,
    -8.644514146148627e-05,
    -0.00011354164378022926,
    -0.00016957319414495455,
    -0.00044145227620780543,
    0.0006639563661984409,
    0.0004559997362216471,
    -0.00039011736182301555,
    -0.00011089950821352821,
    -7.329942024208159e-05,
    -5.968235181514303e-05,
    -4.958564922924224e-05,
    -3.7058044872283945e-05,
    -1.9341727666791667e-05,
    6.3469907116441095e-06,
    5.1529338676015435e-05,
    0.00031967650477532914,
    -0.00012524106774968138,
    -5.502030263592151e-05,
    -5.101703837371938e-05,
    -6.581108091445165e-05,
    -7.054813640555661e-05,
    0.001624530422628142,
    0.00016806945332435935,
    5.538980152985809e-05,
    3.2614277728221005e-05,
    2.7972333859733586e-05,
    1.878865920915042e-05,
    1.8137108987321903e-05,
    1.5220083602002059e-05,
    1.4908999145218825e-05,
    1.5573187696287435e-05,
    2.0266056460710655e-05,
    2.0888485808579312e-05,
    3.871102495790854e-05,
    5.438438570672148e-05,
    0.0002872428792990793,
    -7.099977449849559e-05,
    -1.7158213074574153e-05
  ],
  "i_short_real": [
    5.6173698976635936e-05,
    5.4568325867876415e-05,
    5.2378076361492276e-05,
    5.0088722491636876e-05,
    4.803887277375907e-05,
    -4.625929286703468e-05,
    -4.443652287591249e-05,
    -4.2019793181680146e-05,
    -3.843139274977148e-05,
    -3.329812607262284e-05,
    2.6611052453517915e-05,
    1.874900335678831e-05,
    1.0356170969316736e-05,
    2.1239198758848944e-06,
    -6.450043133243117e-06,
    2.0757064701413614e-05,
    1.8048284982796758e-05,
    2.3528798192273828e-05,
    2.8854937409050765e-05,
    3.4149456769227986e-05,
    -3.935049191566178e-05,
    -4.4107856228947644e-05,
    -4.83532581711188e-05,
    -5.2095792489126326e-05,
    -7.304293742581136e-05,
    0.00031189927714467936,
    6.44401996396482e-05,
    7.007982931099832e-05,
    7.592362235300244e-05,
    8.065553847700358e-05,
    -9.651292588501671e-05,
    -8.012313046492637e-05,
    -7.245633751153947e-05,
    -5.9869018150493504e-05,
    -4.831699535678986e-05,
    -3.693223637203257e-05,
    -2.290092652917571e-05,
    1.031046957807361e-05,
    -0.0001021058906717083,
    -0.00011862193182797985,
    0.0001387500866694924,
    5.1699794964819695e-05,
    4.574443769403362e-05,
    5.187141741728652e-05,
    6.344918882151227e-05,
    7.807674663922822e-05,
    9.464391734327606e-05,
    0.00011501266077243449,
    0.00015464285399052934,
    0.00047430311346416203,
    -0.00010690626588835767,
    -2.605352555977256e-05,
    -1.8712922213085997e-05,
    -1.3000816434543506e-05,
    -1.278646860296142e-05,
    4.256078722138656e-05,
    -2.581299794241021e-06,
    -5.196286611537894e-06,
    -4.746107709493044e-06,
    -4.312513855337269e-06,
    -1.9511913748447154e-06,
    -1.5899242477985005e-06,
    1.563314900407898e-06,
    3.818780377187356e-06,
    6.122393927706206e-06,
    1.1589109213257558e-05,
    1.2093856945099318e-05,
    2.2772624755970104e-05,
    3.059391524563991e-05,
    0.00013967846069408332,
    -2.7019345974954337e-05,
    -2.7436222748920375e-06
  ],
  "method": "thevenin",
  "model": "dir5_s15_longfeed_f12_s2",
  "open_init": "empty",
  "open_run_id": "386bc1dfa26f",
  "quality": "coarse",
  "short_init": "solid",
  "short_run_id": "0d0fdbf732eb",
  "v_open_imag": [
    0.006272800732403994,
    0.010850133374333382,
    0.012807715684175491,
    0.011956091038882732,
    0.008961097337305546,
    0.005053042899817228,
    0.0015566449146717787,
    -0.0005723341600969434,
    -0.00103069469332695,
    -0.00017943436978384852,
    0.0011958307586610317,
    0.0022574278991669416,
    0.0024600091855973005,
    0.001731477095745504,
    0.0004346818896010518,
    -0.0008497459930367768,
    -0.0016078761545941234,
    -0.0016149108996614814,
    -0.0010052324505522847,
    -0.0001745919871609658,
    0.00042584046605043113,
    0.0005011370521970093,
    3.384532101335935e-05,
    -0.0007325694314204156,
    -0.001429157331585884,
    -0.0017440798692405224,
    -0.0015645375242456794,
    -0.001015257672406733,
    -0.0003830933419521898,
    2.9209144486230798e-05,
    4.687327236752026e-05,
    -0.00030273551237769425,
    -0.0008161310688592494,
    -0.0012215081369504333,
    -0.0013125434052199125,
    -0.001043342286720872,
    -0.0005417106440290809,
    -3.891417145496234e-05,
    0.0002462092670612037,
    0.00021120428573340178,
    -8.697724842932075e-05,
    -0.0004673998337239027,
    -0.0007182855624705553,
    -0.0007005632505752146,
    -0.0004116991476621479,
    1.900720235425979e-05,
    0.00039836883661337197,
    0.0005651310202665627,
    0.00046634921454824507,
    0.0001783896586857736,
    -0.00013531224976759404,
    -0.00030685868114233017,
    -0.0003128791868221015,
    -0.00024538999423384666,
    -0.00023277841683011502,
    -4.932596129947342e-05,
    2.181072522944305e-05,
    0.00019197406072635204,
    0.000366968015441671,
    0.00043176283361390233,
    0.0006121756159700453,
    0.0006274870247580111,
    0.0006914253463037312,
    0.0006861480651423335,
    0.0006539613823406398,
    0.0005264509818516672,
    0.0005137498956173658,
    0.0003100329195149243,
    0.00023718253942206502,
    9.679317008703947e-05,
    -3.427792034926824e-05,
    -0.00015551915566902608
  ],