{
  "backend": "gpu",
  "freq_hz": [
    100000000.0,
    198333333.3333333,
    296666666.6666666,
    395000000.0,
    493333333.3333333,
    591666666.6666666,
    690000000.0,
    788333333.3333333,
    886666666.6666666,
    985000000.0,
    1083333333.3333333,
    1181666666.6666665,
    1280000000.0,
    1378333333.3333333,
    1476666666.6666665,
    1575000000.0,
    1673333333.3333333,
    1771666666.6666665,
    1870000000.0,
    1968333333.3333333,
    2066666666.6666665,
    2165000000.0,
    2263333333.333333,
    2361666666.6666665,
    2400000000.0,
    2408000000.0,
    2416000000.0,
    2424000000.0,
    2432000000.0,
    2440000000.0,
    2448000000.0,
    2456000000.0,
    2460000000.0,
    2464000000.0,
    2472000000.0,
    2480000000.0,
    2558333333.333333,
    2656666666.6666665,
    2755000000.0,
    2853333333.333333,
    2951666666.6666665,
    3050000000.0,
    3148333333.333333,
    3246666666.6666665,
    3345000000.0,
    3443333333.333333,
    3541666666.6666665,
    3640000000.0,
    3738333333.333333,
    3836666666.6666665,
    3935000000.0,
    4033333333.333333,
    4131666666.6666665,
    4230000000.0,
    4328333333.333333,
    4426666666.666666,
    4525000000.0,
    4623333333.333333,
    4721666666.666666,
    4820000000.0,
    4918333333.333333,
    5016666666.666666,
    5115000000.0,
    5213333333.333333,
    5311666666.666666,
    5410000000.0,
    5508333333.333333,
    5606666666.666666,
    5705000000.0,
    5803333333.333333,
    5901666666.666666,
    6000000000.0
  ],
  "i_short_imag": [
    -1.7450282030040399e-06,
    7.838395686121659e-06,
    -1.7308634414803237e-05,
    -1.529665751149878e-05,
    1.3068893167655915e-05,
    2.245054201921448e-05,
    -3.187408146914095e-05,
    -2.883151173591614e-05,
    2.603397588245571e-05,
    3.7991700810380284e-05,
    7.594428840487484e-05,
    -4.351624520495534e-05,
    7.279813258930689e-05,
    3.0455144587904216e-05,
    4.2552358354441826e-05,
    -4.269667842891068e-05,
    -3.455205587670207e-05,
    3.880846488755197e-05,
    4.978754441253841e-05,
    -5.0784796589922585e-05,
    -2.610650262795389e-05,
    2.573760866653174e-05,
    4.031476564705372e-05,
    6.631646451215643e-05,
    -2.847385476343334e-05,
    -2.640566963236779e-05,
    -2.4292099988088014e-05,
    -2.215824788436294e-05,
    -2.0029621373396368e-05,
    -1.793166302377358e-05,
    -1.5889349742792547e-05,
    -1.3926926476415248e-05,
    -1.298294373555109e-05,
    -1.2067457282682882e-05,
    -1.0332398960599676e-05,
    -8.741446072235703e-06,
    -2.1749661739932197e-05,
    1.4924458810128272e-05,
    1.139622399932705e-05,
    -8.61621477109579e-05,
    0.00045436355635438,
    6.142418715171517e-06,
    -0.00013444315509319804,
    2.4738514912314714e-05,
    0.00013656714831451836,
    -0.0001192550898124447,
    -4.2272420250810684e-05,
    -2.757469192147255e-05,
    0.00010716471700238192,
    -0.0003361639734474342,
    -3.3807859290391205e-05,
    -2.9939988962723874e-06,
    3.607776660994233e-05,
    9.440716034597689e-05,
    -3.4404450257091476e-05,
    1.437267492292449e-05,
    2.7716740499592807e-05,
    1.5762040857225656e-05,
    -3.627269163771159e-05,
    -1.3216931256465615e-05,
    5.042704846975694e-06,
    4.296710821539168e-06,
    2.6846729304150142e-05,
    -6.522734474856407e-06,
    -5.414438783191145e-06,
    2.1262326120026536e-05,
    5.385634722188115e-06,
    4.0878025174606595e-06,
    5.4537460528081285e-06,
    -4.749975058700622e-06,
    -3.066832869080827e-06,
    7.747265475589679e-05
  ],
  "i_short_real": [
    3.8671988295391206e-05,
    4.374678246676922e-05,
    -3.715942148119211e-05,
    -3.0198480817489327e-05,
    3.4451176179572944e-05,
    3.85643303161487e-05,
    -3.0414469074457886e-05,
    -2.1978819859214127e-05,
    2.642059698700905e-05,
    3.006891638506204e-05,
    2.420419904348909e-05,
    1.8605478544486687e-06,
    -3.00956807608005e-06,
    9.46349318837747e-06,
    6.358593236654997e-06,
    6.579665932804346e-06,
    8.237093425123021e-06,
    -3.164531881338917e-06,
    -1.303534081671387e-05,
    3.685558545529451e-05,
    3.287488361820579e-05,
    -2.0701812172774228e-05,
    -2.6090262690559032e-05,
    -8.802725752809263e-05,
    5.5232434533536434e-05,
    5.596474511548877e-05,
    5.648961523547769e-05,
    5.680327885784209e-05,
    5.690493853762746e-05,
    5.6796887656673794e-05,
    5.648465594276786e-05,
    5.5976695148274305e-05,
    5.565282190218568e-05,
    5.5284646805375814e-05,
    5.442252149805427e-05,
    5.340738571248949e-05,
    0.0002781063540132558,
    -3.786185989156366e-05,
    -5.764700472354889e-05,
    -0.0002919817307827851,
    0.0005053954646500658,
    -1.8797171651385725e-05,
    0.00036245185159940294,
    9.949471568688751e-05,
    0.00010770996735327722,
    -4.238673040088547e-06,
    1.6305399185512215e-05,
    -1.3714832311961801e-05,
    3.531074248660665e-05,
    9.97466598907618e-05,
    4.7186028677970174e-05,
    2.1432469657156618e-05,
    7.974037925295778e-06,
    -3.28477213349993e-05,
    6.417000527183893e-05,
    4.124516563024372e-05,
    1.2492531270159411e-06,
    1.080735237337649e-05,
    1.7168147340831202e-05,
    3.3374110353179275e-05,
    2.3904288019432035e-05,
    3.0672572088027233e-05,
    -3.9048338567182193e-05,
    1.521980157122016e-05,
    1.4370329154189676e-05,
    -4.2104283081027114e-05,
    -2.427726140012965e-05,
    2.4095326079986992e-05,
    1.6652166959829628e-05,
    8.2245506213698e-05,
    -2.959581615868956e-05,
    0.00011344631655934446
  ],
  "method": "thevenin",
  "model": "dir24_long_port0_gtrim_matchwide",
  "open_init": "empty",
  "open_run_id": "76376464e160",
  "quality": "coarse",
  "short_init": "solid",
  "short_run_id": "65aa2c47f1d3",
  "v_open_imag": [
    0.01632462814450264,
    0.016366522759199142,
    0.005553725641220808,
    -0.0003280875098425895,
    0.0025639976374804974,
    0.005022123456001282,
    0.0021655031014233828,
    -0.0006149574182927608,
    0.0007558101788163185,
    0.0025038558524101973,
    0.001054930267855525,
    -0.0008441689424216747,
    -5.694638457498513e-05,
    0.0013177169021219015,
    0.0004630928160622716,
    -0.0009968288941308856,
    -0.0005128325428813696,
    0.000638664816506207,
    0.00012189778499305248,
    -0.001062595983967185,
    -0.0007633868372067809,
    0.00023678658180870116,
    -5.715831503039226e-05,
    -0.0010419496102258563,
    -0.0011531361378729343,
    -0.0011453062761574984,
    -0.0011268764501437545,
    -0.0010982239618897438,
    -0.0010598823428153992,
    -0.001012533437460661,
    -0.0009569964022375643,
    -0.00089421117445454,
    -0.0008604242466390133,
    -0.0008252261904999614,
    -0.0007511781295761466,
    -0.0006732787005603313,
    3.0735303880646825e-05,
    -0.00010851719707716256,
    -0.0009502872708253562,
    -0.0008616351988166571,
    -5.959738700767048e-05,
    -8.024548151297495e-05,
    -0.0008055190555751324,
    -0.0007913417648524046,
    -6.901916640345007e-05,
    5.7323372857354116e-06,
    -0.0006113168783485889,
    -0.0006531663239002228,
    -1.9570721633499488e-05,
    9.942450560629368e-05,
    -0.0004422174533829093,
    -0.0005193388205952942,
    5.7328667026013136e-05,
    0.0002204169286414981,
    -0.00026345704100094736,
    -0.000387609499739483,
    0.00011460895620984957,
    0.0002904412685893476,
    -0.0001519539364380762,
    -0.0002990485227201134,
    0.00017352182476315647,
    0.00038777178269810975,
    -2.6452304155100137e-05,
    -0.0002501629351172596,
    0.00010678916441975161,
    0.00027983717154711485,
    -0.00010416551231173798,
    -0.00026962487027049065,
    0.00018290050502400845,
    0.00043992389691993594,
    -1.047722344083013e-05,
    -0.0003810820053331554
  ],