{
  "backend": "gpu",
  "freq_hz": [
    100000000.0,
    198333333.3333333,
    296666666.6666666,
    395000000.0,
    493333333.3333333,
    591666666.6666666,
    690000000.0,
    788333333.3333333,
    886666666.6666666,
    985000000.0,
    1083333333.3333333,
    1181666666.6666665,
    1280000000.0,
    1378333333.3333333,
    1476666666.6666665,
    1575000000.0,
    1673333333.3333333,
    1771666666.6666665,
    1870000000.0,
    1968333333.3333333,
    2066666666.6666665,
    2165000000.0,
    2263333333.333333,
    2361666666.6666665,
    2460000000.0,
    2558333333.333333,
    2656666666.6666665,
    2755000000.0,
    2853333333.333333,
    2951666666.6666665,
    3050000000.0,
    3148333333.333333,
    3246666666.6666665,
    3345000000.0,
    3443333333.333333,
    3541666666.6666665,
    3640000000.0,
    3738333333.333333,
    3836666666.6666665,
    3935000000.0,
    4033333333.333333,
    4131666666.6666665,
    4230000000.0,
    4328333333.333333,
    4426666666.666666,
    4525000000.0,
    4623333333.333333,
    4721666666.666666,
    4820000000.0,
    4918333333.333333,
    5016666666.666666,
    5115000000.0,
    5150000000.0,
    5213333333.333333,
    5220000000.0,
    5290000000.0,
    5311666666.666666,
    5360000000.0,
    5410000000.0,
    5430000000.0,
    5500000000.0,
    5508333333.333333,
    5570000000.0,
    5606666666.666666,
    5640000000.0,
    5705000000.0,
    5710000000.0,
    5780000000.0,
    5803333333.333333,
    5850000000.0,
    5901666666.666666,
    6000000000.0
  ],
  "i_short_imag": [
    6.7162400227971375e-06,
    1.286744954995811e-05,
    1.8376052321400496e-05,
    2.3409444838762284e-05,
    5.955644006957526e-05,
    -3.375985834281892e-05,
    -3.965754294767976e-05,
    -4.581661487463862e-05,
    -5.162593442946673e-05,
    -5.6422222405672075e-05,
    5.9848598903045064e-05,
    6.209632847458124e-05,
    6.388300680555403e-05,
    6.613681907765568e-05,
    6.950206006877125e-05,
    -7.388289086520673e-05,
    -7.824914646334947e-05,
    -8.083306020125748e-05,
    -7.968257414177061e-05,
    -7.337751449085773e-05,
    6.163038196973503e-05,
    4.5523521839641036e-05,
    2.7269829297438266e-05,
    9.569965914124624e-06,
    -5.203367254580372e-06,
    -1.5697104390710593e-05,
    -3.101653611518581e-05,
    0.0004674094458695204,
    3.831759546234566e-05,
    8.350663971986383e-05,
    -4.231694483010959e-05,
    -4.0225902921520174e-05,
    -4.806863435078413e-05,
    -5.5981054902076725e-05,
    -6.245471886359156e-05,
    -6.875146764801971e-05,
    -0.00010102715644125098,
    -0.0001763684153480841,
    -0.0005592953863875759,
    0.0013321479898848665,
    -0.00039635579372599024,
    -3.922644962668863e-05,
    -1.48271894431673e-05,
    -6.952113471925259e-06,
    -2.0254474293324165e-06,
    -2.24947189053637e-07,
    -1.1097395179251449e-06,
    -1.0190691566417357e-05,
    3.728516666103847e-05,
    2.0824725443843637e-05,
    -4.6739240789421e-05,
    -6.430134089896456e-06,
    -5.586427869275213e-06,
    -3.869101783493534e-06,
    -3.6828419979428873e-06,
    -1.7955997464014218e-06,
    -1.2679193787334953e-06,
    -2.4974413008749253e-07,
    5.21311358170351e-07,
    7.415769232466119e-07,
    1.1245394489378668e-06,
    1.1334016562614125e-06,
    1.3756106941464444e-06,
    2.1988998902256877e-06,
    7.0563055154512054e-06,
    -1.1209546775213227e-06,
    -1.016469834243101e-06,
    -7.718045747220739e-07,
    -9.404400008529501e-07,
    -1.586398546375451e-06,
    -3.1117639990293467e-06,
    -0.00021695031034955344
  ],
  "i_short_real": [
    6.0604984173551206e-05,
    5.915156798437238e-05,
    5.722912610508502e-05,
    5.5262254318222406e-05,
    0.00011203496178352595,
    -5.146637558937073e-05,
    -4.8910256009548905e-05,
    -4.521895025391132e-05,
    -4.01587545638904e-05,
    -3.39724647346884e-05,
    2.7317230706103147e-05,
    2.09577803616412e-05,
    1.534512120997533e-05,
    1.0285132884746418e-05,
    4.881464337813669e-06,
    2.1743295292253607e-06,
    1.2049842189298944e-05,
    2.5171591551043095e-05,
    4.0837036794982855e-05,
    5.7230022503063085e-05,
    -7.187229348346592e-05,
    -8.236764115281403e-05,
    -8.716674055904151e-05,
    -8.60660511534661e-05,
    -8.025253773666919e-05,
    -7.188068120740354e-05,
    -8.970413682270233e-05,
    0.0010561003310309203,
    7.438473127072873e-05,
    0.00014224814395062465,
    -6.128998855725986e-05,
    -4.7014764277264476e-05,
    -4.296229162719101e-05,
    -3.597148461267352e-05,
    -2.6051944587379694e-05,
    -1.4463895576784062e-05,
    -1.2080039688075467e-06,
    3.355478440629213e-05,
    0.0002302044011807856,
    -0.0008992362401340887,
    0.0004049222696403939,
    6.0374598381083454e-05,
    3.644434327725321e-05,
    3.19070415571332e-05,
    2.5860589812509718e-05,
    1.9701094424817713e-05,
    1.5396555083348548e-05,
    3.4847476237943626e-05,
    -6.929232880146659e-05,
    -3.3969324714360326e-05,
    8.895498505246538e-05,
    1.7260560707654803e-05,
    1.7754020518623292e-05,
    1.821241748984903e-05,
    1.8226531392429023e-05,
    1.7999116971623155e-05,
    1.7803515947889537e-05,
    1.7204733740072698e-05,
    1.6434062854386865e-05,
    1.61091418704018e-05,
    1.504199899500236e-05,
    1.4932196063455195e-05,
    1.9406450335782168e-05,
    3.6941854695112e-05,
    0.0001496343605835967,
    -3.8795863313747744e-05,
    -3.5975667087533684e-05,
    -2.0814562354186703e-05,
    -1.9473862524617848e-05,
    -1.8985565073634652e-05,
    -2.1983347207027353e-05,
    -0.0007206325043344143
  ],
  "method": "thevenin",
  "model": "dir5_stub1_w36",
  "open_init": "empty",
  "open_run_id": "6759b466e772",
  "quality": "coarse",
  "short_init": "solid",
  "short_run_id": "754fb4eab6ca",
  "v_open_imag": [
    0.008138039149343967,
    0.014076516032218933,
    0.016616307199001312,
    0.015511533245444298,
    0.011625885963439941,
    0.0065553863532841206,
    0.002018635394051671,
    -0.000744292454328388,
    -0.001339810318313539,
    -0.00023597772815264761,
    0.0015482036396861076,
    0.0029260367155075073,
    0.003189884591847658,
    0.0022459360770881176,
    0.0005646255449391901,
    -0.0011009788140654564,
    -0.00208414439111948,
    -0.0020930280443280935,
    -0.0013016246957704425,
    -0.00022301798162516207,
    0.0005576550611294806,
    0.0006576933083124459,
    5.411092934082262e-05,
    -0.0009377465466968715,
    -0.0018397147068753839,
    -0.0022475107107311487,
    -0.00201472919434309,
    -0.0013027727836742997,
    -0.00048316444735974073,
    5.1927276217611507e-05,
    7.6072639785707e-05,
    -0.00037536429590545595,
    -0.0010389883536845446,
    -0.00156304647680372,
    -0.0016806793864816427,
    -0.001332747400738299,
    -0.0006848069606348872,
    -3.5994678910356015e-05,
    0.00033102280576713383,
    0.0002843863039743155,
    -0.00010171485337195918,
    -0.0005933986976742744,
    -0.0009179394110105932,
    -0.000897636404260993,
    -0.0005317495088092983,
    1.0635021681082435e-05,
    0.000479585665743798,
    0.0006689259316772223,
    0.000514871091581881,
    0.0001221290440298617,
    -0.0002924441359937191,
    -0.0005084752338007092,
    -0.0005105702439323068,
    -0.0004086937406100333,
    -0.00039056266541592777,
    -0.00013165458221919835,
    -3.224056490580551e-05,
    0.00020499153470154852,
    0.0004492066509556025,
    0.0005399955553002656,
    0.0007960149669088423,
    0.0008182704332284629,
    0.0009169819531962276,
    0.0009176927851513028,
    0.0008815302862785757,
    0.0007234782679006457,
    0.000707379134837538,
    0.0004458270559553057,
    0.00035127889714203775,
    0.00016794675320852548,
    -4.715542672784068e-06,
    -0.00016851363761816174
  ],