{
  "backend": "gpu",
  "freq_hz": [
    100000000.0,
    198333333.3333333,
    296666666.6666666,
    395000000.0,
    493333333.3333333,
    591666666.6666666,
    690000000.0,
    788333333.3333333,
    886666666.6666666,
    985000000.0,
    1083333333.3333333,
    1181666666.6666665,
    1280000000.0,
    1378333333.3333333,
    1476666666.6666665,
    1575000000.0,
    1673333333.3333333,
    1771666666.6666665,
    1870000000.0,
    1968333333.3333333,
    2066666666.6666665,
    2165000000.0,
    2263333333.333333,
    2361666666.6666665,
    2400000000.0,
    2408000000.0,
    2416000000.0,
    2424000000.0,
    2432000000.0,
    2440000000.0,
    2448000000.0,
    2456000000.0,
    2460000000.0,
    2464000000.0,
    2472000000.0,
    2480000000.0,
    2558333333.333333,
    2656666666.6666665,
    2755000000.0,
    2853333333.333333,
    2951666666.6666665,
    3050000000.0,
    3148333333.333333,
    3246666666.6666665,
    3345000000.0,
    3443333333.333333,
    3541666666.6666665,
    3640000000.0,
    3738333333.333333,
    3836666666.6666665,
    3935000000.0,
    4033333333.333333,
    4131666666.6666665,
    4230000000.0,
    4328333333.333333,
    4426666666.666666,
    4525000000.0,
    4623333333.333333,
    4721666666.666666,
    4820000000.0,
    4918333333.333333,
    5016666666.666666,
    5115000000.0,
    5213333333.333333,
    5311666666.666666,
    5410000000.0,
    5508333333.333333,
    5606666666.666666,
    5705000000.0,
    5803333333.333333,
    5901666666.666666,
    6000000000.0
  ],
  "i_short_imag": [
    7.3837116360664374e-06,
    9.328797750640662e-06,
    -1.0008305980591104e-05,
    -1.5875145618338137e-05,
    2.4218583712354304e-05,
    2.7112296083942056e-05,
    -2.5678248493932188e-05,
    -2.940536360256374e-05,
    3.9014610229060055e-05,
    4.303286550566554e-05,
    -6.172863863004613e-05,
    -3.9096764521673324e-05,
    -5.423465627245605e-05,
    6.651765434071422e-05,
    5.598479765467346e-05,
    6.94194292655168e-05,
    -2.707901926307892e-05,
    3.533914277795702e-05,
    4.327057977207005e-05,
    -3.8536568172276024e-05,
    -3.529217501636595e-05,
    4.1560563840903344e-05,
    4.4045032700523735e-05,
    3.2915666815824805e-05,
    -5.144197781999381e-05,
    -3.033175138351424e-05,
    -2.4171500990632923e-05,
    -2.29521217988804e-05,
    -2.1770477178506554e-05,
    -2.0631562802009287e-05,
    -1.9539530330803246e-05,
    -1.849753607530147e-05,
    -1.799608435248956e-05,
    -1.7507919983472676e-05,
    -1.6572009189985693e-05,
    -1.5690291184000672e-05,
    6.309831430239365e-05,
    4.883984729531221e-06,
    3.3094354876084256e-06,
    -1.0107944399351254e-05,
    -1.5965198690537365e-05,
    -2.7205237529415174e-08,
    -3.44682892318815e-05,
    -5.654306733049452e-05,
    6.820670261764719e-05,
    -5.145056056790054e-05,
    -5.576646071858704e-05,
    -4.305416368879378e-05,
    -2.2750978859096962e-05,
    1.0266511529826372e-05,
    -5.565695464611054e-05,
    -9.061964228749276e-05,
    -7.648218446886949e-05,
    -0.00041318260606913856,
    -5.292352288961411e-05,
    -0.00011950486805289984,
    -0.00010407774243503809,
    1.1332907160976903e-05,
    -0.0012338096997894735,
    -7.463886286132038e-05,
    5.121101276017726e-06,
    2.7863457216881218e-05,
    4.401502941747876e-05,
    9.062629151337412e-05,
    -1.8425305825076066e-06,
    1.170790201285854e-05,
    2.835311921895634e-07,
    7.783462206134574e-06,
    2.960197161883116e-06,
    7.650444604223595e-06,
    5.632035943706662e-05,
    0.00016991649135684084
  ],
  "i_short_real": [
    4.3586757965385917e-05,
    3.975725267082453e-05,
    -4.080760118085891e-05,
    -4.336112760938704e-05,
    4.025069938506931e-05,
    3.343063872307539e-05,
    -3.158687613904476e-05,
    -3.4473108826205134e-05,
    3.1683166162110866e-05,
    2.1366262808442118e-05,
    -2.634825511711929e-05,
    -2.1771190222352744e-05,
    -2.139882417395711e-05,
    1.4686585018353072e-06,
    -2.2712264035362752e-05,
    -5.468478402470237e-05,
    1.2096757450572686e-05,
    -4.003608046332375e-06,
    -1.3444996147882195e-05,
    2.2180736414156856e-05,
    2.1157080482225865e-05,
    -2.362103550694883e-05,
    -3.786692977882922e-05,
    -5.139950080774725e-05,
    0.00010299361615089996,
    6.398968127959213e-05,
    5.37326792255044e-05,
    5.3758284775540235e-05,
    5.3715892136096954e-05,
    5.3611537441611294e-05,
    5.3451757412403826e-05,
    5.3243269212543966e-05,
    5.312295397743583e-05,
    5.299302283674479e-05,
    5.270778783597052e-05,
    5.239428137429059e-05,
    -0.0003236150211813967,
    -4.545664414763451e-05,
    -4.052956937812269e-05,
    3.9573910180479294e-05,
    5.474620265886188e-05,
    -7.718538399785757e-05,
    -7.866380619816483e-05,
    -5.428669974207878e-05,
    3.992553674743081e-05,
    -2.470750187058002e-05,
    -1.2125606008339674e-05,
    8.895628707250581e-06,
    6.68429342821993e-06,
    3.8540451119575926e-05,
    -5.148042109794915e-05,
    -8.298747707158327e-06,
    4.4974531132697475e-05,
    0.0002983567625708118,
    -2.4139496963471176e-05,
    1.5283480752259494e-05,
    0.00011996992398053408,
    0.00016034849686548115,
    -0.0009594162822020789,
    2.2775985416956247e-05,
    3.426669572945684e-05,
    -1.7361860955134034e-05,
    0.0002463230636067881,
    4.180507845488624e-05,
    4.258439730620012e-06,
    -1.203502033604309e-05,
    -4.09564296114743e-05,
    1.6744309687055647e-05,
    1.5223583613988013e-05,
    2.3108284221962097e-05,
    4.409511542591598e-05,
    -8.899254520587985e-06
  ],
  "method": "thevenin",
  "model": "dir24_s15_gtrim_widefeed_f12_s2",
  "open_init": "empty",
  "open_run_id": "786c08cdeda5",
  "quality": "coarse",
  "short_init": "solid",
  "short_run_id": "b049d9cb0b95",
  "v_open_imag": [
    0.013893823139369488,
    0.013938806019723415,
    0.004739960189908743,
    -0.0002778253401629627,
    0.0021746677812188864,
    0.004276052117347717,
    0.0018545802449807525,
    -0.0005204977933317423,
    0.0006348975002765656,
    0.0021299610380083323,
    0.0009086458012461662,
    -0.0007144112605601549,
    -5.7552890211809427e-05,
    0.001117862295359373,
    0.0004041708307340741,
    -0.000843457761220634,
    -0.00044720395817421377,
    0.0005358272464945912,
    0.0001125884591601789,
    -0.0008962720748968422,
    -0.0006583384820260108,
    0.00019133524619974196,
    -4.415076909936033e-05,
    -0.0008833757019601762,
    -0.0009851509239524603,
    -0.0009802201529964805,
    -0.0009662986267358065,
    -0.0009436812833882868,
    -0.0009127965895459056,
    -0.000874198623932898,
    -0.0008285589283332229,
    -0.0007766527705825865,
    -0.0007486179238185287,
    -0.0007193486671894789,
    -0.0006575924926437438,
    -0.0005923943244852126,
    7.147320957301417e-06,
    -8.857955253915861e-05,
    -0.0007952414453029633,
    -0.0007413065759465098,
    -7.592319889226928e-05,
    -7.901291246525943e-05,
    -0.0006769514875486493,
    -0.0006715385243296623,
    -7.19952950021252e-05,
    -3.384125193406362e-06,
    -0.0005144696333445609,
    -0.00055181875359267,
    -2.375957956246566e-05,
    7.439687033183873e-05,
    -0.00038780030445195735,
    -0.00046019861474633217,
    3.4839398722397164e-05,
    0.0001947944110725075,
    -0.0002080085687339306,
    -0.00032974485657177866,
    9.38273296924308e-05,
    0.0002740065392572433,
    -8.4022554801777e-05,
    -0.0002445649297442287,
    0.0001114056576625444,
    0.0002965551393572241,
    -2.780653812806122e-05,
    -0.00021205177472438663,
    0.00011562013241928071,
    0.0003560841141734272,
    0.00010291655780747533,
    -0.00012293981853872538,
    8.309095574077219e-05,
    0.00027093561948277056,
    6.804987788200378e-05,
    -0.0001197288729599677
  ],