{
  "backend": "gpu",
  "freq_hz": [
    100000000.0,
    198333333.3333333,
    296666666.6666666,
    395000000.0,
    493333333.3333333,
    591666666.6666666,
    690000000.0,
    788333333.3333333,
    886666666.6666666,
    985000000.0,
    1083333333.3333333,
    1181666666.6666665,
    1280000000.0,
    1378333333.3333333,
    1476666666.6666665,
    1575000000.0,
    1673333333.3333333,
    1771666666.6666665,
    1870000000.0,
    1968333333.3333333,
    2066666666.6666665,
    2165000000.0,
    2263333333.333333,
    2361666666.6666665,
    2400000000.0,
    2408000000.0,
    2416000000.0,
    2424000000.0,
    2432000000.0,
    2440000000.0,
    2448000000.0,
    2456000000.0,
    2460000000.0,
    2464000000.0,
    2472000000.0,
    2480000000.0,
    2558333333.333333,
    2656666666.6666665,
    2755000000.0,
    2853333333.333333,
    2951666666.6666665,
    3050000000.0,
    3148333333.333333,
    3246666666.6666665,
    3345000000.0,
    3443333333.333333,
    3541666666.6666665,
    3640000000.0,
    3738333333.333333,
    3836666666.6666665,
    3935000000.0,
    4033333333.333333,
    4131666666.6666665,
    4230000000.0,
    4328333333.333333,
    4426666666.666666,
    4525000000.0,
    4623333333.333333,
    4721666666.666666,
    4820000000.0,
    4918333333.333333,
    5016666666.666666,
    5115000000.0,
    5213333333.333333,
    5311666666.666666,
    5410000000.0,
    5508333333.333333,
    5606666666.666666,
    5705000000.0,
    5803333333.333333,
    5901666666.666666,
    6000000000.0
  ],
  "i_short_imag": [
    2.297812534379773e-06,
    8.902813715394587e-06,
    -1.5194245497696103e-05,
    -1.708441850496456e-05,
    1.9273528596386314e-05,
    2.549115160945803e-05,
    -3.079769667237997e-05,
    -3.1946133822202684e-05,
    3.422109293751419e-05,
    3.991430858150125e-05,
    -4.2925437446683647e-05,
    -4.303256864659488e-05,
    -4.9575953744351865e-05,
    6.070421077311039e-05,
    5.811539012938738e-05,
    0.00011974377143598159,
    -3.295589076920127e-05,
    3.230760048609227e-05,
    4.788518126588315e-05,
    -4.43197728600353e-05,
    -3.1564934761263434e-05,
    3.4583147498779e-05,
    4.654131480492652e-05,
    6.359816123081454e-05,
    -3.0813354533165695e-05,
    -2.8743423172272742e-05,
    -2.6643308228813114e-05,
    -2.4533813120797277e-05,
    -2.2435763094108554e-05,
    -2.0369738922454417e-05,
    -1.8355782958678902e-05,
    -1.6413159028161316e-05,
    -1.547433057567105e-05,
    -1.4560081763193012e-05,
    -1.2813432840630412e-05,
    -1.1188600910827518e-05,
    1.8539380212157006e-05,
    1.169427123386413e-05,
    1.600662508280948e-05,
    -6.8106055550742894e-06,
    -1.998028710659128e-06,
    5.338334449334071e-06,
    -6.933334952918813e-06,
    -4.043169028591365e-05,
    6.3216284615919e-05,
    -5.493956268765032e-05,
    -3.8482484524138275e-05,
    -3.675050975289196e-05,
    0.00018831436001706675,
    2.5498899049125612e-05,
    -3.0853733187541364e-05,
    -6.659039645455778e-05,
    -0.0003872409361104959,
    0.000995296806847837,
    -1.8706968694459648e-05,
    0.005220611928962171,
    0.00014331625532641072,
    0.00014668970834463835,
    -4.604658217947563e-05,
    8.632513345219195e-05,
    0.00010718569392338396,
    3.463260945864022e-05,
    2.0494661293923857e-05,
    -4.205915320198983e-06,
    3.129724937025458e-05,
    2.720951451919973e-05,
    4.905078289010173e-06,
    -7.187340088421479e-06,
    1.7654539260547607e-05,
    3.982848138548434e-05,
    5.691915868606066e-05,
    -0.00012448919152903193
  ],
  "i_short_real": [
    4.369978269096464e-05,
    4.514948232099414e-05,
    -4.186429723631591e-05,
    -3.8516335189342504e-05,
    3.904290206264705e-05,
    3.864808822982014e-05,
    -3.3817999064922335e-05,
    -2.9641276341862977e-05,
    2.8969894628971815e-05,
    2.6207935297861697e-05,
    -1.9887977396138014e-05,
    -1.7130743071902543e-05,
    -1.670836645644158e-05,
    5.363118179957383e-06,
    -1.6725866589695216e-05,
    -8.631454808142294e-05,
    2.004751204995499e-05,
    -5.5384265351676734e-08,
    -8.725272346055135e-06,
    2.6171142235398295e-05,
    2.7236141613684597e-05,
    -1.99085203348659e-05,
    -2.9992108466103673e-05,
    -8.416487930806012e-05,
    5.787634872831405e-05,
    5.849136505275965e-05,
    5.8918975992128256e-05,
    5.915736546739936e-05,
    5.920716794207692e-05,
    5.907137528993189e-05,
    5.8755290228873495e-05,
    5.826651467941702e-05,
    5.796037730760873e-05,
    5.761482170782984e-05,
    5.6811957620084286e-05,
    5.587152554653585e-05,
    -0.00022154217138144308,
    -3.5257998388260606e-05,
    -4.4729519868269565e-05,
    5.154177779331803e-05,
    4.863934882450849e-05,
    -5.5234279716387395e-05,
    -7.389071397483349e-05,
    -7.538545760326088e-05,
    4.708669439423829e-05,
    -1.8496210395824166e-05,
    -1.4111866767052562e-05,
    -1.7829881107900293e-05,
    6.54691249492726e-05,
    1.5688703570049256e-05,
    -3.6752183223143224e-05,
    -3.9577748975716534e-05,
    4.169369500625017e-06,
    -0.0006455682584023335,
    1.073426174116321e-05,
    0.0037702254485338926,
    8.132611929581233e-06,
    -0.00010842056944966317,
    0.0002213292394239115,
    0.00014104400761425496,
    2.458324015606195e-05,
    -3.1752866925671695e-05,
    -2.007359580602497e-06,
    4.4570193858817225e-05,
    3.4679388045333325e-05,
    2.469930404913612e-06,
    -4.245695719687227e-06,
    2.824642579071224e-05,
    4.144359845668078e-05,
    2.4897538241930307e-05,
    1.4325322500507372e-06,
    4.2278871510108896e-05
  ],
  "method": "thevenin",
  "model": "dir24_s15_gtrim_widefeed_f10_s2",
  "open_init": "empty",
  "open_run_id": "c0288bce621b",
  "quality": "coarse",
  "short_init": "solid",
  "short_run_id": "daa50c96fccf",
  "v_open_imag": [
    0.014757436700165272,
    0.014800304546952248,
    0.005027789156883955,
    -0.00029520440148189664,
    0.0023150076158344746,
    0.004542221315205097,
    0.0019647120498120785,
    -0.000553503748960793,
    0.0006802149000577629,
    0.002264645416289568,
    0.0009605050436221063,
    -0.0007605349528603256,
    -5.554446033784188e-05,
    0.0011905345600098372,
    0.0004244630108587444,
    -0.0008993673254735768,
    -0.00047047174302861094,
    0.0005723551730625331,
    0.0001131834796979092,
    -0.0009594138246029615,
    -0.0006978551391512156,
    0.00020621447765734047,
    -5.289808177622035e-05,
    -0.0009469407377764583,
    -0.001052386243827641,
    -0.0010464254301041365,
    -0.0010308815399184823,
    -0.0010060806525871158,
    -0.0009724917472340167,
    -0.0009307158179581165,
    -0.0008814807515591383,
    -0.0008256218861788511,
    -0.0007954975008033216,
    -0.0007640752592124045,
    -0.0006978573510423303,
    -0.0006280530360527337,
    8.953521501098294e-06,
    -0.00010404300701338798,
    -0.0008599747670814395,
    -0.0007916651084087789,
    -7.614840433234349e-05,
    -8.770815475145355e-05,
    -0.0007323271711356938,
    -0.0007202033302746713,
    -7.459305197698995e-05,
    -9.501918611931615e-06,
    -0.0005650914972648025,
    -0.0006000286084599793,
    -2.350601789657958e-05,
    8.450294262729585e-05,
    -0.0004136820789426565,
    -0.0004908249829895794,
    4.032469223602675e-05,
    0.00020549583132378757,
    -0.0002319920458830893,
    -0.00035686735645867884,
    0.00010623248090269044,
    0.0002969048800878227,
    -9.42511105677113e-05,
    -0.00025917263701558113,
    0.00014141110295895487,
    0.0003489428199827671,
    -2.414821665297495e-06,
    -0.0001991528260987252,
    0.0001542196550872177,
    0.00039381333044730127,
    9.703734394861385e-05,
    -0.0001300465955864638,
    0.00014641873713117093,
    0.0003709907177835703,
    0.00010742673475760967,
    -0.00012571764818858355
  ],