{
  "backend": "gpu",
  "freq_hz": [
    100000000.0,
    198333333.3333333,
    296666666.6666666,
    395000000.0,
    493333333.3333333,
    591666666.6666666,
    690000000.0,
    788333333.3333333,
    886666666.6666666,
    985000000.0,
    1083333333.3333333,
    1181666666.6666665,
    1280000000.0,
    1378333333.3333333,
    1476666666.6666665,
    1575000000.0,
    1673333333.3333333,
    1771666666.6666665,
    1870000000.0,
    1968333333.3333333,
    2066666666.6666665,
    2165000000.0,
    2263333333.333333,
    2361666666.6666665,
    2460000000.0,
    2558333333.333333,
    2656666666.6666665,
    2755000000.0,
    2853333333.333333,
    2951666666.6666665,
    3050000000.0,
    3148333333.333333,
    3246666666.6666665,
    3345000000.0,
    3443333333.333333,
    3541666666.6666665,
    3640000000.0,
    3738333333.333333,
    3836666666.6666665,
    3935000000.0,
    4033333333.333333,
    4131666666.6666665,
    4230000000.0,
    4328333333.333333,
    4426666666.666666,
    4525000000.0,
    4623333333.333333,
    4721666666.666666,
    4820000000.0,
    4918333333.333333,
    5016666666.666666,
    5115000000.0,
    5150000000.0,
    5213333333.333333,
    5220000000.0,
    5290000000.0,
    5311666666.666666,
    5360000000.0,
    5410000000.0,
    5430000000.0,
    5500000000.0,
    5508333333.333333,
    5570000000.0,
    5606666666.666666,
    5640000000.0,
    5705000000.0,
    5710000000.0,
    5780000000.0,
    5803333333.333333,
    5850000000.0,
    5901666666.666666,
    6000000000.0
  ],
  "i_short_imag": [
    1.816215096255386e-05,
    3.303705473622726e-05,
    4.344749255995992e-05,
    4.996056946226532e-05,
    2.4311844026669863e-05,
    -6.456786309962245e-05,
    -7.623956353662076e-05,
    -9.246233823102367e-05,
    -0.00011043345014708134,
    -0.00010551884909573354,
    0.00014936811150663542,
    0.00015596341160786434,
    0.0001590607234932214,
    0.00016215153055134518,
    0.00018109715607028765,
    -0.0002885832373358254,
    -8.26572822276385e-05,
    -9.229630277399572e-05,
    -7.801371401483703e-05,
    -0.00010238668608612676,
    0.0001483481316847834,
    0.00010706307147046572,
    8.723470181058713e-05,
    7.580722465945834e-05,
    7.381107902579227e-05,
    0.0001514818383065408,
    -1.2682266242336483e-05,
    -2.406950800214934e-06,
    1.3456112355925143e-05,
    9.099663184656664e-05,
    -0.0002765651825858465,
    -0.0002561697425759541,
    -0.00027120746279187484,
    -0.0002732670399381126,
    -0.0002559766638467176,
    -0.0002236402241867942,
    -0.00018721016088360276,
    -0.00016383645709178,
    -0.00019722314941643648,
    -0.0008782877956949796,
    -0.00041858199957641953,
    -0.00012398715959582095,
    -8.852544014100703e-05,
    -6.989224477550218e-05,
    -4.698017223795937e-05,
    -1.815866804885365e-05,
    1.2694580356186391e-05,
    4.099346421529317e-05,
    6.680862972710758e-05,
    0.00012783745337516578,
    -6.714469617839609e-05,
    -1.7471485097900186e-05,
    -4.8931009270495887e-05,
    4.644296489238799e-06,
    3.446198555843664e-06,
    -2.785248873298992e-06,
    -3.7746739510231173e-06,
    -5.141125568453587e-06,
    -5.516632042188366e-06,
    -5.406487355875467e-06,
    -4.030502201150853e-06,
    -3.7757076583484526e-06,
    -1.291321003100258e-06,
    1.0261545156096952e-06,
    5.688941258531727e-06,
    -5.265221763379262e-06,
    -4.4364015449495435e-06,
    -2.6350695407018066e-06,
    -2.8527187168947424e-06,
    -3.231049777241424e-06,
    -3.598580588004552e-06,
    -0.00012028894556527434
  ],
  "i_short_real": [
    0.0001300778037797859,
    0.00012309493565748454,
    0.00011457916156374089,
    0.00010728087788465873,
    4.547731368802488e-05,
    -0.00010588086276133848,
    -0.00010555186865210483,
    -0.00010266316317438621,
    -9.365982920306372e-05,
    -6.493397897458389e-05,
    6.193392276829959e-05,
    3.782163691357804e-05,
    1.5160454489170005e-05,
    -4.819117415163685e-06,
    -2.473363213637449e-05,
    6.743450196606652e-05,
    2.764803710016232e-05,
    4.1896523543554714e-05,
    4.716680706991212e-05,
    8.15605812593881e-05,
    -0.0001541185663026442,
    -0.0001432042313706746,
    -0.00014741132395794583,
    -0.00015829137985660347,
    -0.00018998188418505764,
    -0.0005133615189613994,
    7.133487379178405e-05,
    8.666087113140464e-05,
    8.513471111655236e-05,
    0.00023372644983412578,
    -0.0003972766339308782,
    -0.00022044849139623502,
    -0.00013093493736843098,
    -5.1557412646680546e-05,
    1.8560794846468143e-05,
    7.355327101682741e-05,
    0.00011120903215986823,
    0.00013944954793682592,
    0.00019975610252597647,
    0.0008497543384218097,
    0.00034234716606153226,
    9.719433670939988e-05,
    8.341496383995613e-05,
    9.392057791286471e-05,
    0.00010714677831158382,
    0.00011428756039027661,
    0.0001115112937377571,
    9.982964096952788e-05,
    8.574876880463196e-05,
    9.804515767329354e-05,
    -3.227306312033555e-05,
    -7.533064803144322e-06,
    -2.7922218087676276e-05,
    1.0391605185730741e-05,
    1.0030555135624426e-05,
    1.1206650828134121e-05,
    1.2339986441979577e-05,
    1.540873996083205e-05,
    1.904850198205479e-05,
    2.0594452766644184e-05,
    2.6579978063762275e-05,
    2.7403673797117234e-05,
    3.580437697572087e-05,
    4.67231537780886e-05,
    7.885886900520065e-05,
    -3.269013509446723e-05,
    -2.650856867799076e-05,
    -1.0683169966796414e-05,
    -1.0584372648736463e-05,
    -1.0399478924227878e-05,
    -1.0239105176879094e-05,
    -0.0002795157281660958
  ],
  "method": "thevenin",
  "model": "dir5_s15_longfeed_f16_s0",
  "open_init": "empty",
  "open_run_id": "8e76ebd2f62a",
  "quality": "coarse",
  "short_init": "solid",
  "short_run_id": "ce040e1df95b",
  "v_open_imag": [
    0.00615659961476922,
    0.010649642907083035,
    0.01257210411131382,
    0.011737676337361336,
    0.008799164555966854,
    0.004963409621268511,
    0.0015303387772291899,
    -0.0005616056732833385,
    -0.001013932516798377,
    -0.00017992292123381048,
    0.0011700186878442764,
    0.002213671337813139,
    0.002414997201412916,
    0.0017020696541294456,
    0.00043003333848901093,
    -0.0008315451559610665,
    -0.0015777138760313392,
    -0.0015866875182837248,
    -0.0009891523513942957,
    -0.0001728670613374561,
    0.00041911538573913276,
    0.0004962713574059308,
    4.0088463720167056e-05,
    -0.0007115107146091759,
    -0.0013965636026114225,
    -0.0017081714468076825,
    -0.0015341772232204676,
    -0.0009956452995538712,
    -0.0003735448117367923,
    3.444360845605843e-05,
    5.533821604331024e-05,
    -0.00028567438130266964,
    -0.0007899481570348144,
    -0.0011906129075214267,
    -0.0012838690308853984,
    -0.001022753887809813,
    -0.0005310856504365802,
    -3.536398071446456e-05,
    0.00024863608996383846,
    0.0002182570460718125,
    -7.287597691174597e-05,
    -0.0004485284734982997,
    -0.0007005403749644756,
    -0.0006904620677232742,
    -0.00041300110751762986,
    7.3197652454837225e-06,
    0.00038166437298059464,
    0.0005503882421180606,
    0.0004584078269544989,
    0.0001770541857695207,
    -0.00013580678205471486,
    -0.0003155975427944213,
    -0.00032673170790076256,
    -0.000270661199465394,
    -0.0002593663230072707,
    -9.016212425194681e-05,
    -2.333534212084487e-05,
    0.00013801844033878297,
    0.0003058079455513507,
    0.00036844779970124364,
    0.0005453040357679129,
    0.0005606384947896004,
    0.0006277981447055936,
    0.0006268939469009638,
    0.0006001064321026206,
    0.0004862287896685302,
    0.00047470524441450834,
    0.0002884487621486187,
    0.00022152790916152298,
    9.25463973544538e-05,
    -2.7339108783053234e-05,
    -0.00013404348283074796
  ],