{
  "a_imag": [
    -0.743103721592507,
    -0.5481028857804612,
    -0.4003721142511331,
    -0.32919772836841543,
    -0.8149696271488144,
    -0.6957602052900113,
    -0.4891543227447337,
    -0.2887060118600316,
    -0.25968713330383086,
    -0.6321339937101158,
    -0.5271651143103405,
    -0.3981729169554479,
    -0.2735396341714076,
    -0.1974569364856706,
    -0.5483500633046363,
    -0.8093783581289411,
    -0.6382066352652013,
    -0.44429745836717266,
    -0.2978081691237312,
    -0.23433252891553202,
    -0.517638437948147,
    -0.7344086868533225,
    -0.6114703833923013,
    -0.29705788034330394,
    -0.06457545893171701,
    -0.1902752642424893,
    -0.36327210568274665,
    -0.4311981308013834,
    -0.4346436374478197,
    -0.38176330897957417,
    0.004939971509126229,
    -2.1300358565139117,
    -0.7129223714166032,
    -0.3108383405880984,
    -0.11780356439536466,
    -0.10550982164059336,
    -0.17453574344405698,
    -0.2646672882487664,
    -0.3571118900378182,
    -0.5681499213699315,
    -0.1450231234627446,
    -0.2572909081144259,
    -0.42748697482545706,
    -0.5434367788806521,
    -0.43397966811606553,
    -0.2692695364611427,
    -0.23277650213498352,
    -0.5033710015901877,
    -0.362342692218534,
    -0.2577698483541573,
    -0.20476886439860764,
    -0.1605504946428723,
    -0.14119915149024037,
    -0.32158642035627183,
    -0.44559951852758084,
    -0.26959387925015943,
    -0.1827684826281251,
    -0.25073498735491395,
    -0.10430338178399196,
    -0.17717497491909306,
    -0.10310394079550622
  ],
  "a_real": [
    -0.37433377814374624,
    -0.40686608699694776,
    -0.7057086019092532,
    -1.160372196555183,
    -0.9180482617811327,
    -0.6656840262703587,
    -0.6569031575924575,
    -0.777357048965131,
    -0.8696804222700459,
    -0.7115086563538878,
    -0.6410966118131001,
    -0.7396746696185104,
    -0.8708029323253663,
    -0.7408470974030795,
    -1.208409281420087,
    -0.9370911885078594,
    -0.7257802967147687,
    -0.7200991724936657,
    -0.8247210745721271,
    -0.97199718357178,
    -1.1170063672761652,
    -0.9224951853726528,
    -0.6812318457838352,
    -0.8061158827348289,
    -0.9759564022745698,
    -1.057691263001404,
    -1.0353419778933568,
    -0.9459422268858784,
    -0.8347030950847586,
    -0.6732001433288038,
    0.3984658125912568,
    -0.08803077932712644,
    -0.3988829583024124,
    -0.5556487521666448,
    -0.7353287221636343,
    -0.9439643893810684,
    -0.9949578255660859,
    -1.0270532726490211,
    -1.0627241699087082,
    -0.7733915162807001,
    -0.8495409948535229,
    -1.010280793042602,
    -1.1115156023542592,
    -0.9322595975105707,
    -0.7403191141422949,
    -0.7057115527683634,
    -0.6787312066145248,
    -1.0483445052693243,
    -0.8867827427375178,
    -0.8507079370329422,
    -0.876693938163522,
    -0.9440972542774325,
    -1.056058113586637,
    -1.1490116484517123,
    -0.8836588054100784,
    -0.7899731653255988,
    -0.8045599182307596,
    -1.0325905365903552,
    -1.134691296481041,
    -1.00437510356284,
    -0.9690090629311415
  ],
  "b_imag": [
    2.281660331381859,
    1.731618514011672,
    1.7841476349678302,
    1.5916647226454155,
    3.4251182829244096,
    2.912076129928688,
    2.104051786943563,
    1.3918050620325548,
    0.8399155129664261,
    1.6764466669958078,
    1.2448257711569939,
    0.42001237343770925,
    -1.9141994652482588,
    1.5250129871879157,
    2.4198045972751996,
    3.7605768496633187,
    3.1817645078973946,
    2.6120339971011646,
    3.0138670558836504,
    3.2521579830327614,
    3.4466727772027617,
    4.794834659168356,
    2.469312445821499,
    -2.600524932715007,
    -3.1799125085649607,
    2.9754573736783483,
    3.6947251251558457,
    3.59962307673857,
    3.0717716188542696,
    2.5162714244407187,
    -1.3623123739848775,
    7.811743310470281,
    2.3318807554155345,
    0.21729040073813344,
    -1.4812336720846864,
    -0.12431206916723925,
    -0.20023508947724378,
    -0.6403014524126578,
    -2.036963933695258,
    -5.35527823805825,
    2.46630122990626,
    -1.5150505676365746,
    0.7011024880428351,
    3.477864040932928,
    4.054521182420806,
    2.4578639466984638,
    1.9789874712537467,
    0.9322220116595594,
    0.7361384378393074,
    -0.9408414530379676,
    0.34757009226974733,
    0.46724556880093293,
    0.4039404227773449,
    0.6436959764126073,
    1.0002363896121855,
    1.73201985157232,
    1.9493947457282403,
    1.4369022344898343,
    0.47743760752574804,
    0.8950730104843756,
    0.4277142826857012
  ],
  "b_real": [
    0.8752011613888537,
    1.2413664222959855,
    1.882161313214811,
    4.053973195884772,
    3.096921024841922,
    2.120044878444849,
    2.190045435477652,
    2.755934370928629,
    2.9715136355987637,
    3.661835857836335,
    5.188894264973333,
    6.291774194135592,
    6.433689590434832,
    2.2337694203999194,
    5.1705970909687435,
    4.002462290240057,
    2.9061030366597103,
    2.580925541775748,
    4.626932546612634,
    3.17468737614921,
    3.19849129530789,
    2.123912974789144,
    1.4231711660924773,
    3.0376705436202363,
    -0.8645011770144313,
    6.211412871932046,
    5.9831017130968265,
    5.376415870004977,
    4.452193392325991,
    2.8321256093536933,
    -3.173828238080976,
    -2.915800183084915,
    0.7880430194494822,
    2.166173541310051,
    1.7880045162796585,
    3.2483755432492973,
    3.6170188596750035,
    3.6984426101307704,
    3.311823178567312,
    8.023749709221713,
    8.773603245331653,
    6.141008840795852,
    6.964185377966025,
    6.019400807090706,
    3.950867683741152,
    3.7582172481784593,
    5.653502472187359,
    7.465564059464263,
    6.04152213714132,
    4.043889112716914,
    3.295664283328434,
    3.8515658538144137,
    4.576662609603055,
    5.036157792179012,
    2.8497447658324804,
    2.8750633511435373,
    2.872215643551238,
    1.6338622253175685,
    4.6911488541297475,
    4.259718282821728,
    4.1363175023329495
  ],
  "c_imag": [
    -0.3021854789874261,
    -0.09592131192787379,
    -0.7492214269687554,
    -0.39080353582756394,
    -0.45530690323890033,
    -0.5572796228994281,
    -0.5390995745649464,
    -0.47568702677526076,
    -0.01386061767165725,
    0.77306248287456,
    2.1632495093492072,
    3.8111460479885797,
    6.102933969738568,
    -1.0944495242482706,
    -0.03378026224628172,
    -0.24561950169118907,
    -0.5427531732623185,
    -1.0125253325405947,
    -1.4262658482167607,
    -2.371291359551962,
    -1.4174269130419903,
    -2.097171572116995,
    -0.9632106717141542,
    4.05322178403796,
    2.6642825394625147,
    -1.7252585683903185,
    -1.3778973447685234,
    -1.126316688089618,
    -0.9495615091666797,
    -1.0600582055488703,
    0.48325078914653613,
    -0.8702699293746096,
    -0.05202653841667648,
    1.0083981185144477,
    1.7815363794325707,
    0.46692246583851427,
    0.6925143569381835,
    1.2194033044029358,
    2.762764700132783,
    10.560325230111475,
    -0.6498356248508239,
    2.8400964751422153,
    1.610382269679101,
    -0.09014963262646472,
    -1.9204134289974566,
    -1.3400387845815107,
    -0.7625940790397632,
    2.11758526486338,
    1.589981688773217,
    2.2520962308711496,
    0.4371704065449311,
    0.19871831626003056,
    0.19647871243764076,
    0.6660070513572469,
    0.48220707601718577,
    -0.8216461975402838,
    -1.4780627804569075,
    -0.7371133671334911,
    -0.06475223689850607,
    -0.11962522178925761,
    0.04440792486647105
  ],