{
  "backend": "gpu",
  "freq_hz": [
    100000000.0,
    198333333.3333333,
    296666666.6666666,
    395000000.0,
    493333333.3333333,
    591666666.6666666,
    690000000.0,
    788333333.3333333,
    886666666.6666666,
    985000000.0,
    1083333333.3333333,
    1181666666.6666665,
    1280000000.0,
    1378333333.3333333,
    1476666666.6666665,
    1575000000.0,
    1673333333.3333333,
    1771666666.6666665,
    1870000000.0,
    1968333333.3333333,
    2066666666.6666665,
    2165000000.0,
    2263333333.333333,
    2361666666.6666665,
    2460000000.0,
    2558333333.333333,
    2656666666.6666665,
    2755000000.0,
    2853333333.333333,
    2951666666.6666665,
    3050000000.0,
    3148333333.333333,
    3246666666.6666665,
    3345000000.0,
    3443333333.333333,
    3541666666.6666665,
    3640000000.0,
    3738333333.333333,
    3836666666.6666665,
    3935000000.0,
    4033333333.333333,
    4131666666.6666665,
    4230000000.0,
    4328333333.333333,
    4426666666.666666,
    4525000000.0,
    4623333333.333333,
    4721666666.666666,
    4820000000.0,
    4918333333.333333,
    5016666666.666666,
    5115000000.0,
    5150000000.0,
    5213333333.333333,
    5220000000.0,
    5290000000.0,
    5311666666.666666,
    5360000000.0,
    5410000000.0,
    5430000000.0,
    5500000000.0,
    5508333333.333333,
    5570000000.0,
    5606666666.666666,
    5640000000.0,
    5705000000.0,
    5710000000.0,
    5780000000.0,
    5803333333.333333,
    5850000000.0,
    5901666666.666666,
    6000000000.0
  ],
  "i_short_imag": [
    3.6367218854138628e-06,
    8.653411350678653e-06,
    1.586712314747274e-05,
    2.5037146406248213e-05,
    -3.50109621649608e-05,
    -4.422308411449194e-05,
    -5.1389029249548915e-05,
    -5.608840729109943e-05,
    -5.896762013435364e-05,
    -6.145007791928947e-05,
    6.505247438326478e-05,
    7.058936753310264e-05,
    7.761730230413378e-05,
    8.43942805659026e-05,
    8.842748939059676e-05,
    0.0004610386475613514,
    -8.035071659833193e-05,
    -6.795520894229413e-05,
    -5.282185738906265e-05,
    8.97050847463132e-05,
    2.8450577519834042e-05,
    2.438309747958556e-05,
    2.5857516448013484e-05,
    3.0137301655486227e-05,
    3.314606728963554e-05,
    -3.095231368206442e-05,
    -2.128102496499196e-05,
    -4.476067988434806e-06,
    1.64709534146823e-05,
    -0.0008260712150038681,
    -5.189554649405182e-05,
    -5.828284192830325e-05,
    -5.538886180147529e-05,
    -4.538261855486781e-05,
    -3.242570965085179e-05,
    -2.120448334608227e-05,
    3.368487854738113e-05,
    1.644356525503099e-05,
    2.358027413720265e-05,
    3.41498147463426e-05,
    -4.4885714305564765e-05,
    -5.308034014888108e-05,
    -5.7377596385777e-05,
    -5.7916296645998956e-05,
    -5.5873865494504575e-05,
    -5.6745381048034115e-05,
    0.000436626932135116,
    5.686333691949842e-05,
    4.366555658634752e-05,
    5.292360497644004e-05,
    -5.133484134970271e-05,
    -3.502682375255972e-05,
    -3.440033760853112e-05,
    -3.37997276801616e-05,
    -3.378017572686076e-05,
    -3.408147895243019e-05,
    -3.434775862842798e-05,
    -3.5163198481313886e-05,
    -3.617449838202447e-05,
    -3.6571212694980205e-05,
    7.966705209330478e-05,
    3.760129038710147e-05,
    3.7168039125390354e-05,
    3.6082224687561394e-05,
    3.442237211856991e-05,
    2.9037430067546666e-05,
    2.849609300028533e-05,
    1.8924160394817593e-05,
    1.4913892664480955e-05,
    5.746145689045079e-06,
    -5.958530528005213e-06,
    0.00015132762009346807
  ],
  "i_short_real": [
    6.447526975534856e-05,
    6.6563073778525e-05,
    6.85329781845212e-05,
    6.886199116706848e-05,
    -6.649665301665664e-05,
    -6.132716662250459e-05,
    -5.4242298938333994e-05,
    -4.672761715482921e-05,
    -4.017023020423949e-05,
    -3.51709284586832e-05,
    3.1179387588053944e-05,
    2.6644745958037674e-05,
    1.9660739053506407e-05,
    8.863378025125713e-06,
    -5.790972863906063e-06,
    -0.00011981471085331622,
    3.9083923911675815e-05,
    5.169652868062258e-05,
    5.823721876367927e-05,
    -0.00013549936532998883,
    -5.330643034540117e-05,
    -4.6901678433641795e-05,
    -4.290881333872676e-05,
    -4.4302004971541466e-05,
    -5.192041280679405e-05,
    6.401253631338477e-05,
    7.673841319046915e-05,
    8.548207697458566e-05,
    8.65078705828637e-05,
    -0.0017556539511103834,
    -6.241269875317812e-05,
    -4.25455131335184e-05,
    -2.375542826484889e-05,
    -1.0526145342737437e-05,
    -5.367359699448571e-06,
    -8.10893252491951e-06,
    3.541912731523624e-05,
    2.5578466011211277e-05,
    3.2512540929019455e-05,
    3.444252070039511e-05,
    -3.080278402194381e-05,
    -2.2817689750809225e-05,
    -1.2722251995000988e-05,
    -2.759140443231445e-06,
    5.612111272057519e-06,
    1.2925528440803647e-05,
    -0.00014886869194953982,
    -2.5564230242511893e-05,
    -2.4597023730166258e-05,
    -3.630738602009343e-05,
    4.1621738538068856e-05,
    3.217569610569626e-05,
    3.263508260715753e-05,
    3.3469073241576555e-05,
    3.356840170454234e-05,
    3.4950082772411405e-05,
    3.556071605999023e-05,
    3.737345978152007e-05,
    4.0057010482996706e-05,
    4.139578086324037e-05,
    -0.00010050449841911028,
    -4.82269620988518e-05,
    -5.5344600696116686e-05,
    -6.0189428040757775e-05,
    -6.488440558314324e-05,
    -7.441478082910181e-05,
    -7.514766766689718e-05,
    -8.492555934935808e-05,
    -8.78365186508745e-05,
    -9.2818564735353e-05,
    -9.662724914960563e-05,
    0.000473872827105651
  ],
  "method": "thevenin",
  "model": "dir5_port0_gtrim_longfeed",
  "open_init": "empty",
  "open_run_id": "3a1033735852",
  "quality": "coarse",
  "short_init": "solid",
  "short_run_id": "935e8a8198a1",
  "v_open_imag": [
    0.007833030074834824,
    0.01355095487087965,
    0.016000060364603996,
    0.014942036010324955,
    0.011205010116100311,
    0.006322029512375593,
    0.0019460223848000169,
    -0.0007276579854078591,
    -0.0013156087370589375,
    -0.00026264411280862987,
    0.0014548269100487232,
    0.002791775856167078,
    0.003063783049583435,
    0.002174119697883725,
    0.0005687163793481886,
    -0.0010316874831914902,
    -0.0019844193011522293,
    -0.0020024385303258896,
    -0.0012441232101991773,
    -0.00019517751934472471,
    0.0005844025872647762,
    0.0007222821586765349,
    0.0001858876639744267,
    -0.0007344449404627085,
    -0.0015889661153778434,
    -0.0019913928117603064,
    -0.0017938170349225402,
    -0.0011366422986611724,
    -0.0003602365031838417,
    0.00016991689335554838,
    0.00023618251725565642,
    -0.00014128611655905843,
    -0.0007341084419749677,
    -0.0012322477996349335,
    -0.0014005019329488277,
    -0.0011877411743625998,
    -0.0007390349055640399,
    -0.0003104056522715837,
    -0.00013304335880093277,
    -0.00029602760332636535,
    -0.0007044500671327114,
    -0.0011306788073852658,
    -0.001330437371507287,
    -0.0011647935025393963,
    -0.0006682022358290851,
    -3.084252239204943e-05,
    0.000494007661473006,
    0.0007109284633770585,
    0.0005726005765609443,
    0.00019691785564646125,
    -0.00019506877288222313,
    -0.0003882238524965942,
    -0.00038404628867283463,
    -0.0002756381290964782,
    -0.0002572583907749504,
    -1.5908663044683635e-06,
    9.456018597120419e-05,
    0.00032071868190541863,
    0.000548491021618247,
    0.0006315181963145733,
    0.0008568116463720798,
    0.000875190133228898,
    0.0009452863596379757,
    0.0009300059755332768,
    0.0008806843543425202,
    0.0007023623329587281,
    0.0006850505014881492,
    0.0004122697573620826,
    0.0003163781075272709,
    0.0001337119028903544,
    -3.378951805643737e-05,
    -0.00018048453785013407
  ],