{
  "backend": "gpu",
  "freq_hz": [
    100000000.0,
    198333333.3333333,
    296666666.6666666,
    395000000.0,
    493333333.3333333,
    591666666.6666666,
    690000000.0,
    788333333.3333333,
    886666666.6666666,
    985000000.0,
    1083333333.3333333,
    1181666666.6666665,
    1280000000.0,
    1378333333.3333333,
    1476666666.6666665,
    1575000000.0,
    1673333333.3333333,
    1771666666.6666665,
    1870000000.0,
    1968333333.3333333,
    2066666666.6666665,
    2165000000.0,
    2263333333.333333,
    2361666666.6666665,
    2460000000.0,
    2558333333.333333,
    2656666666.6666665,
    2755000000.0,
    2853333333.333333,
    2951666666.6666665,
    3050000000.0,
    3148333333.333333,
    3246666666.6666665,
    3345000000.0,
    3443333333.333333,
    3541666666.6666665,
    3640000000.0,
    3738333333.333333,
    3836666666.6666665,
    3935000000.0,
    4033333333.333333,
    4131666666.6666665,
    4230000000.0,
    4328333333.333333,
    4426666666.666666,
    4525000000.0,
    4623333333.333333,
    4721666666.666666,
    4820000000.0,
    4918333333.333333,
    5016666666.666666,
    5115000000.0,
    5150000000.0,
    5213333333.333333,
    5220000000.0,
    5290000000.0,
    5311666666.666666,
    5360000000.0,
    5410000000.0,
    5430000000.0,
    5500000000.0,
    5508333333.333333,
    5570000000.0,
    5606666666.666666,
    5640000000.0,
    5705000000.0,
    5710000000.0,
    5780000000.0,
    5803333333.333333,
    5850000000.0,
    5901666666.666666,
    6000000000.0
  ],
  "i_short_imag": [
    7.480439488035516e-06,
    1.3707074117126485e-05,
    1.8211556689458588e-05,
    2.1028215996921062e-05,
    -0.00011149818167200365,
    -3.2263975132063346e-05,
    -3.762269307449108e-05,
    -4.508787946148468e-05,
    -5.192187874906933e-05,
    -5.650862585753203e-05,
    8.468709112006399e-05,
    8.690105765116124e-05,
    9.129614645363507e-05,
    9.952260310815444e-05,
    0.00012720838124308576,
    0.0008620051486396058,
    -5.6477618636563426e-05,
    -5.429374286904931e-05,
    -5.126030300743878e-05,
    -0.0002532319340007089,
    9.68739854961053e-05,
    6.0792230747502496e-05,
    4.6442122990590335e-05,
    3.6576677329152126e-05,
    2.7410162383802463e-05,
    1.27660085704996e-05,
    -0.00010779435209709289,
    0.00010861476960396964,
    0.0001416594840307143,
    0.0008748593315967366,
    -0.0003489141161196221,
    -0.0002015084447571542,
    -0.00015658380858678264,
    -0.00012483209745098333,
    -9.446471948398997e-05,
    -6.599518719772054e-05,
    -4.423841983720906e-05,
    -3.982032207118713e-05,
    -0.0009018475248012692,
    7.833765496630552e-05,
    -7.962725447935435e-05,
    -4.449964795728114e-05,
    -4.3835700206934314e-05,
    -4.1481167714226626e-05,
    -3.439582593281377e-05,
    -2.4179620434498845e-05,
    -1.4529053909897624e-05,
    -1.2099424446881854e-05,
    0.00015090452326303692,
    2.646881838278776e-05,
    -2.772918862418364e-05,
    -1.1795433965744451e-05,
    -1.2056429841322825e-05,
    -1.1824846296804026e-05,
    -1.1751511920010671e-05,
    -1.0530201689107345e-05,
    -1.0364810826200552e-05,
    -1.0604181513204385e-05,
    -1.0897278500066205e-05,
    -1.1129201864606641e-05,
    -1.391316457732387e-05,
    -1.4740314808161874e-05,
    -5.8638849358547704e-05,
    2.6926359893940973e-05,
    9.091841291109109e-06,
    4.358123987913132e-06,
    4.370237365947105e-06,
    4.490380888455547e-06,
    4.466234531719237e-06,
    4.233973595546559e-06,
    3.5950306482845917e-06,
    -1.4663943065825917e-06
  ],
  "i_short_real": [
    5.73769281527585e-05,
    5.4657834823499096e-05,
    5.115120705603052e-05,
    4.744963953271509e-05,
    -0.0002141197417339713,
    -5.287363603395092e-05,
    -5.095504967405968e-05,
    -4.83518634920809e-05,
    -4.2205378735379294e-05,
    -3.305862774141133e-05,
    3.284236376951229e-05,
    1.8821061666884047e-05,
    6.1123279106368076e-06,
    -6.4227533770990574e-06,
    -2.3146866801353355e-05,
    -0.0002521220579427998,
    2.3007229901850224e-05,
    2.933821233455092e-05,
    3.6174716660752894e-05,
    0.0002327109311484578,
    -0.00011637759489527333,
    -9.656886834423982e-05,
    -0.00010003412148916717,
    -0.00011324490336406659,
    -0.0001430386421947312,
    -0.00022897335225840766,
    -0.0010977932465320848,
    0.00038244205504662046,
    0.00027119045397850814,
    0.0010196579913043674,
    -0.0002465483442521467,
    -7.461847530767772e-05,
    -1.3379205067913903e-05,
    2.3645025490219e-05,
    4.6144366724853424e-05,
    5.570411570564999e-05,
    5.4449758609925894e-05,
    4.808091816474317e-05,
    0.00023992442947928794,
    1.713785200495161e-05,
    -1.2719422466859926e-05,
    2.2784276584334007e-06,
    1.3982615800124246e-05,
    2.7260679075045205e-05,
    3.930052614372419e-05,
    4.7922373852019776e-05,
    5.4080373781367203e-05,
    6.979308974001354e-05,
    -0.00039886927929951715,
    -2.449127434406818e-05,
    1.7719886322100302e-05,
    8.808774873614312e-06,
    1.0017499880632387e-05,
    1.2217600306030364e-05,
    1.2437428813427688e-05,
    1.4451977040152997e-05,
    1.54456794589749e-05,
    1.9013910223366252e-05,
    2.361541598824788e-05,
    2.595672547930552e-05,
    4.0878093799418974e-05,
    4.4328464089671376e-05,
    0.00020096177896148398,
    -9.59320513046548e-05,
    -3.280766534415285e-05,
    -1.563009136589244e-05,
    -1.5665951650589705e-05,
    -1.6537623014301062e-05,
    -1.6976760525722058e-05,
    -1.8042355077341198e-05,
    -1.9424523634370418e-05,
    3.16430148763792e-05
  ],
  "method": "thevenin",
  "model": "dir5_s15_longfeed_f20_s0",
  "open_init": "empty",
  "open_run_id": "07850772c206",
  "quality": "coarse",
  "short_init": "solid",
  "short_run_id": "11d4ca4b2981",
  "v_open_imag": [
    0.006058018188923597,
    0.010477625764906406,
    0.01236583013087511,
    0.011540195904672146,
    0.008644983172416687,
    0.0048696743324398994,
    0.0014943311689421535,
    -0.0005583481397479773,
    -0.0009968533413484693,
    -0.0001715301041258499,
    0.001157584018073976,
    0.0021812207996845245,
    0.0023736527655273676,
    0.001667025382630527,
    0.000413554604165256,
    -0.0008250479586422443,
    -0.0015527901705354452,
    -0.0015540864551439881,
    -0.0009607159299775958,
    -0.00015642534708604217,
    0.00042270770063623786,
    0.000492871506139636,
    3.913583714165725e-05,
    -0.0007014520233497024,
    -0.0013715941458940506,
    -0.0016705874586477876,
    -0.0014912189217284322,
    -0.0009561534388922155,
    -0.00034408073406666517,
    5.230947499512695e-05,
    6.544668576680124e-05,
    -0.00027602387126535177,
    -0.0007733875536359847,
    -0.0011630012886598706,
    -0.0012460766592994332,
    -0.0009802149143069983,
    -0.0004914083983749151,
    -5.126057203597156e-06,
    0.00026643965975381434,
    0.00022496303427033126,
    -7.298453419934958e-05,
    -0.00045111015788279474,
    -0.0007042470970191061,
    -0.0006986959488131106,
    -0.0004334147379267961,
    -3.4393902751617134e-05,
    0.00031216905335895717,
    0.0004531090089585632,
    0.0003417953848838806,
    5.714283906854689e-05,
    -0.00023905631678644568,
    -0.0003836499236058444,
    -0.0003789236070588231,
    -0.0002916953235398978,
    -0.00027702871011570096,
    -7.282839942490682e-05,
    4.30192494604853e-06,
    0.0001868800027295947,
    0.0003731460892595351,
    0.0004419700999278575,
    0.0006342590204440057,
    0.0006507537327706814,
    0.0007219539256766438,
    0.0007197835366241634,
    0.0006896716658957303,
    0.0005642633186653256,
    0.0005516221863217652,
    0.00034733343636617064,
    0.0002737431786954403,
    0.00013114343164488673,
    -3.355236685820273e-06,
    -0.00013302227307576686
  ],