{
  "backend": "gpu",
  "freq_hz": [
    100000000.0,
    198333333.3333333,
    296666666.6666666,
    395000000.0,
    493333333.3333333,
    591666666.6666666,
    690000000.0,
    788333333.3333333,
    886666666.6666666,
    985000000.0,
    1083333333.3333333,
    1181666666.6666665,
    1280000000.0,
    1378333333.3333333,
    1476666666.6666665,
    1575000000.0,
    1673333333.3333333,
    1771666666.6666665,
    1870000000.0,
    1968333333.3333333,
    2066666666.6666665,
    2165000000.0,
    2263333333.333333,
    2361666666.6666665,
    2400000000.0,
    2408000000.0,
    2416000000.0,
    2424000000.0,
    2432000000.0,
    2440000000.0,
    2448000000.0,
    2456000000.0,
    2460000000.0,
    2464000000.0,
    2472000000.0,
    2480000000.0,
    2558333333.333333,
    2656666666.6666665,
    2755000000.0,
    2853333333.333333,
    2951666666.6666665,
    3050000000.0,
    3148333333.333333,
    3246666666.6666665,
    3345000000.0,
    3443333333.333333,
    3541666666.6666665,
    3640000000.0,
    3738333333.333333,
    3836666666.6666665,
    3935000000.0,
    4033333333.333333,
    4131666666.6666665,
    4230000000.0,
    4328333333.333333,
    4426666666.666666,
    4525000000.0,
    4623333333.333333,
    4721666666.666666,
    4820000000.0,
    4918333333.333333,
    5016666666.666666,
    5115000000.0,
    5213333333.333333,
    5311666666.666666,
    5410000000.0,
    5508333333.333333,
    5606666666.666666,
    5705000000.0,
    5803333333.333333,
    5901666666.666666,
    6000000000.0
  ],
  "i_short_imag": [
    -3.6300261854194105e-06,
    8.627337228972464e-06,
    -2.133239177055657e-05,
    -1.796301658032462e-05,
    1.2979235907550902e-05,
    2.4262125953100623e-05,
    -3.807845932897181e-05,
    -3.463460307102651e-05,
    2.6773507124744358e-05,
    3.7373241502791644e-05,
    -5.6174327619373804e-05,
    -5.6741276057437066e-05,
    7.126297610525383e-05,
    3.749486932065338e-05,
    4.306122136767954e-05,
    -4.170539032202214e-05,
    -3.631134168244898e-05,
    4.3992907740175725e-05,
    5.6653801584616305e-05,
    -4.98951121699065e-05,
    -2.916003577411175e-05,
    2.392351598246023e-05,
    3.5534161725081503e-05,
    -3.6039468250237404e-05,
    -3.097245935350657e-05,
    -2.9726128559559584e-05,
    -2.845633716788143e-05,
    -2.7182794292457404e-05,
    -2.5925337104126812e-05,
    -2.4703482631593945e-05,
    -2.3536215303465726e-05,
    -2.2441576584242286e-05,
    -2.1926786575932056e-05,
    -2.1436341921798888e-05,
    -2.05358664970845e-05,
    -1.9753606466110796e-05,
    -1.9571006123442203e-05,
    2.899591054301709e-05,
    1.646596210775897e-05,
    0.0019871727272402495,
    3.394375089555979e-05,
    -9.445612522540615e-06,
    3.095336796832271e-06,
    4.40194747260736e-05,
    7.243839791044593e-05,
    -7.149076017922116e-05,
    -2.9026815900579096e-05,
    -3.0152316321618857e-05,
    5.962656578049064e-05,
    6.510640378110111e-05,
    -4.873214929830283e-05,
    -6.226348923519254e-05,
    -0.00010161842219531537,
    -0.00017985360966262494,
    -1.4555713278241456e-05,
    5.6624098215252166e-05,
    7.5180152745482e-05,
    1.0583813127595933e-05,
    -3.157855244353414e-05,
    -5.229156158748083e-06,
    1.3750068319495767e-05,
    4.575454426508597e-06,
    1.6400953481259295e-05,
    -7.659367838641629e-07,
    1.1837620695587249e-05,
    9.44134427497016e-06,
    7.714979437878355e-06,
    -8.217708818847314e-06,
    1.3620456229546107e-07,
    6.2508087648853675e-06,
    -5.182695936210167e-06,
    6.99320444255136e-06
  ],
  "i_short_real": [
    4.374904383439571e-05,
    5.127935437485576e-05,
    -4.255988460499793e-05,
    -3.24691238347441e-05,
    3.817208053078503e-05,
    4.5577439595945184e-05,
    -3.5938946530222894e-05,
    -2.2589918808080258e-05,
    2.664888743311167e-05,
    3.611228021327406e-05,
    -2.6061988319270315e-05,
    -3.726542854565196e-06,
    -7.649444689261872e-06,
    1.1098892173322384e-06,
    5.84656390856253e-08,
    7.767914939904586e-06,
    6.336067599477246e-06,
    -1.7691978428047151e-06,
    -1.4389866555575283e-05,
    3.6356746568344535e-05,
    3.987066738773138e-05,
    -2.686152292881161e-05,
    -2.663439663592726e-05,
    4.252487560734153e-05,
    4.707890329882503e-05,
    4.765762423630804e-05,
    4.809368401765824e-05,
    4.838556924369186e-05,
    4.853448772337288e-05,
    4.854417929891497e-05,
    4.8420910025015475e-05,
    4.817349836230278e-05,
    4.800665192306042e-05,
    4.781316674780101e-05,
    4.735325637739152e-05,
    4.6809116611257195e-05,
    4.103888641111553e-05,
    -5.031971377320588e-05,
    -7.523111416958274e-05,
    0.007554186158813536,
    4.3425601324997844e-05,
    -2.8549268608912826e-05,
    -5.691617843694985e-05,
    0.0001084252284166275,
    5.163652822375298e-05,
    -8.598035951672659e-06,
    -6.413017399609089e-06,
    -3.335826913826168e-05,
    3.183194203302264e-05,
    4.134687333134934e-06,
    1.1294856676613564e-07,
    -1.4769987319596112e-05,
    1.170037576230243e-05,
    0.00016122106961064724,
    0.00012007997138425709,
    6.973170093260705e-05,
    -8.499771593507267e-06,
    1.9727039034478367e-05,
    1.826487423386425e-05,
    3.870516084134579e-05,
    2.020468091359362e-05,
    1.8394925684705453e-05,
    -2.1406066246022493e-05,
    2.605518384370953e-05,
    1.6650796169415116e-05,
    5.514564286413846e-06,
    -6.203280645422638e-06,
    1.796809519873932e-05,
    2.1717927302233876e-05,
    2.7886087295976925e-05,
    -2.326976223772623e-05,
    2.0165964087937027e-05
  ],
  "method": "thevenin",
  "model": "dir24_long_port0_gtrim_widefeed",
  "open_init": "empty",
  "open_run_id": "95bfd4b44f69",
  "quality": "coarse",
  "short_init": "solid",
  "short_run_id": "70c1666ded74",
  "v_open_imag": [
    0.017377758398652077,
    0.01742439717054367,
    0.0059148515574634075,
    -0.00034878606675192714,
    0.002728536492213607,
    0.005347555503249168,
    0.0023081975523382425,
    -0.0006539145833812654,
    0.0008036240469664335,
    0.0026667118072509766,
    0.0011259793536737561,
    -0.0008981414139270782,
    -6.217130430741236e-05,
    0.0014034440973773599,
    0.0004954925971105695,
    -0.0010614653583616018,
    -0.0005489354371093214,
    0.0006788718746975064,
    0.00013071704597678035,
    -0.0011330712586641312,
    -0.0008173329406417906,
    0.0002497138048056513,
    -6.105343345552683e-05,
    -0.0011132197687402368,
    -0.001233787857927382,
    -0.0012258666101843119,
    -0.001206632936373353,
    -0.0011764842784032226,
    -0.0011359830386936665,
    -0.00108585215639323,
    -0.0010269602062180638,
    -0.0009603046346455812,
    -0.0009244097745977342,
    -0.0008870003512129188,
    -0.0008082565618678927,
    -0.0007253620424307883,
    2.6013382012024522e-05,
    -0.00011894765339093283,
    -0.0010172543115913868,
    -0.0009264061227440834,
    -7.056576578179374e-05,
    -8.905718277674168e-05,
    -0.0008629030780866742,
    -0.0008505620062351227,
    -7.935878966236487e-05,
    1.710850597191893e-06,
    -0.0006604569498449564,
    -0.0007083070231601596,
    -2.6185070964857005e-05,
    0.00010875915177166462,
    -0.00047233974328264594,
    -0.0005628751823678613,
    5.479376341099851e-05,
    0.00023741675249766558,
    -0.0002807568234857172,
    -0.0004205677250865847,
    0.00012292563042137772,
    0.00032834816374816,
    -0.0001427909010089934,
    -0.000316710356855765,
    0.0001828438980737701,
    0.00042710817069746554,
    -5.4763613661634736e-06,
    -0.0002446810540277511,
    0.00016182244871743023,
    0.0003994523431174457,
    8.365549319933052e-07,
    -0.00024798500817269087,
    0.00015851075295358896,
    0.0004663878644350916,
    0.00010662579734344035,
    -0.00024338890216313303
  ],