{
  "a_imag": [
    0.23299247175723353,
    0.48623564165848193,
    0.8498983427306548,
    1.7724894187244273,
    0.4418070055062912,
    0.14474010014788952,
    0.4276068972635788,
    0.6633912359422661,
    1.0473588485151961,
    0.79853265408255,
    -0.007074316611567544,
    0.1514250614915289,
    0.2767559774033352,
    0.42683334621262276,
    0.6612137765398794,
    -0.02355095563458754,
    0.021108820421516752,
    0.053931412855464086,
    0.0614336396322533,
    0.054597584285773874,
    0.03593189417770261,
    0.0038490382081096393,
    -0.04010047765168329,
    -0.08431869991551057,
    0.10056317442438377,
    0.3525874337021229,
    0.1351665715702954,
    -0.07108804376805437,
    0.2532385226570387,
    0.2251255052876633,
    0.13460897728583962,
    0.07062427095382505,
    0.008749579823240717,
    -0.07960107780759239,
    -0.26428898335578327,
    0.24491800511992096,
    0.10360736378645737,
    0.03395137426140791,
    -0.018614187766917055,
    -0.0683756129476745,
    -0.07943109229509004,
    -0.050402928653682844,
    0.03778174773155887,
    -0.0005334923458290328,
    -0.03465357698892797,
    0.021074076839895275,
    0.0255086105087783,
    0.04666205899726483,
    0.017449855398117345,
    -0.013076856659913604,
    -0.042943626736830526,
    -0.05768871957953481,
    -0.055816876327745214,
    -0.024590832722432576,
    0.007988179816646322,
    -0.006003599256461654,
    -0.03754325388809821,
    -0.07805006314003499,
    -0.10748398173643021,
    -0.04337194444938852,
    0.027341071890620308
  ],
  "a_real": [
    0.5991750877919916,
    0.5985271878028299,
    0.6103798592859548,
    0.5264335068684115,
    -2.1829049067656245,
    -0.5938975209811524,
    -0.3745478943435826,
    -0.3572284351174939,
    -0.5449025901011447,
    -1.7750277979224256,
    -1.011989713600532,
    -0.7657601682102995,
    -0.7241214963063048,
    -0.7459725422512617,
    -1.163599449564014,
    -1.1389182218142786,
    -0.9514913008862873,
    -0.9201313659480858,
    -0.9237274327007422,
    -0.9394620033947125,
    -0.9646082100946833,
    -0.9983069784914792,
    -1.0522951254834492,
    -1.172844594432051,
    -1.4315978010109598,
    -1.0917858092597312,
    -0.9783023679296916,
    -1.115251940596116,
    -1.193754717386582,
    -1.0495955903789822,
    -1.0193687928142516,
    -1.0106669842540474,
    -1.0046962156435424,
    -0.9892326637250886,
    -0.7832588130715632,
    -0.8327679434485141,
    -0.9715414545344031,
    -0.9975551498936469,
    -1.0099973378894116,
    -1.022098954425697,
    -1.1151069993911278,
    -1.1963288369825649,
    -1.0946035353474268,
    -1.012550327283828,
    -0.9538060499905147,
    -0.8623448770822975,
    -0.9190693103933941,
    -0.9688936058172103,
    -1.000782168448088,
    -0.9995409450444993,
    -0.996480637528018,
    -0.9826130409007188,
    -0.9599256605925857,
    -0.9479813837296219,
    -0.9840490137263582,
    -1.031672383732741,
    -1.05733095324322,
    -1.0425095941560325,
    -0.9955401808715039,
    -0.9361684595847952,
    -1.0176271675430277
  ],
  "b_imag": [
    -0.7070748585014857,
    0.9289017664697662,
    0.04613577930994771,
    0.09715927781805228,
    -2.7685374189417415,
    0.07730852541612775,
    1.3060310208533028,
    -0.10398441873565112,
    0.15652942806208484,
    0.2561004912555819,
    0.2761434333815794,
    0.14728104938584488,
    0.24072056619461477,
    -0.4285974591756422,
    -0.5122340588897742,
    0.08112194867346025,
    -0.23674743047398103,
    0.18042774170061313,
    -0.013111868582254908,
    -0.22959906225581395,
    -0.5170893290918573,
    -1.0368040103818938,
    -1.2866304618199282,
    -1.1189339631954554,
    -1.232761532245221,
    -1.1431497758636968,
    -1.0975220931236889,
    -1.883771503547077,
    -0.7567875426613468,
    -0.7400949550542009,
    -1.1641268447465543,
    -1.219008396925101,
    -1.083495037130956,
    -1.4094603342419532,
    -1.5911558769844263,
    -1.2955865891312999,
    -1.1319743967474087,
    -1.2939082868422518,
    -0.8903155222088358,
    -1.4110261613417978,
    0.6910820470657012,
    -0.7001082512364678,
    -0.8798435340044602,
    -1.0678282726286337,
    -1.0528871776797966,
    -1.5965778838907545,
    -1.8894082718460818,
    -1.419136181986349,
    -1.126768790739517,
    0.645511377932344,
    1.2711626208842406,
    1.257619830451837,
    1.6796723348839773,
    1.918039859198101,
    0.7323376777958445,
    0.008808457237362694,
    0.09884065938603942,
    0.2777184247051096,
    0.5481965249494157,
    1.1955237921974795,
    0.47327962073535773
  ],
  "b_real": [
    0.2931251368738373,
    -1.5496805014088189,
    -0.10579947367102241,
    2.9320989676072835,
    0.17598910381284058,
    0.07976168801253922,
    0.1765966215633874,
    -1.0043562529070367,
    -0.5151355020503193,
    -1.951435160936248,
    0.2638802890979957,
    -0.2638747207320983,
    -1.0609307527577894,
    -0.8123534600565004,
    -0.40627293006914467,
    -0.5226613135399578,
    -0.45911444674614216,
    -0.6461291463172395,
    -1.1232327441609649,
    -1.157375739388079,
    -1.4486589217654307,
    -1.7950862391881426,
    -0.2683599558253785,
    -0.030015893363887103,
    0.05038789584362802,
    -0.5782142876451282,
    -0.8281989856389671,
    -0.4098684376914037,
    0.4544328791245259,
    -0.9973249067814209,
    -0.6634399036088204,
    -0.49963365625198486,
    -0.8135851507140313,
    0.015908032054266823,
    -0.3561348789775354,
    0.869132463240204,
    0.40517553010798535,
    0.24399428570672752,
    0.8493958612219336,
    0.9125946158126653,
    0.3532338698079596,
    0.2580072614698458,
    0.416564980176689,
    0.027497445113219974,
    0.5013365021190961,
    -0.2413741621905099,
    1.4829425970883698,
    1.7819696847623503,
    1.4452243921774213,
    -0.3014743766908693,
    1.9703722920431601,
    2.1190308617474645,
    1.8204520500372303,
    0.9425755347749455,
    0.26972462441047823,
    -0.5451648385372513,
    -1.8593782180734153e-05,
    1.3939042908744392,
    2.0239786335230683,
    1.5726743401643135,
    -0.36691490333477494
  ],
  "c_imag": [
    -1.104432847274344,
    2.082004360579907,
    0.054948349722430054,
    -1.7590473977682914,
    1.0282486060069085,
    -0.051511682951248416,
    -1.39109267939822,
    1.1149600148091328,
    0.31816740527308807,
    0.6626828908442195,
    -0.2758232484847851,
    -0.039054658858410016,
    0.24170166124556622,
    0.8587476505977165,
    0.6542565254231199,
    -0.166364339865264,
    0.2723840644369948,
    -0.13344593366645058,
    0.11410133848188951,
    0.33488230472741143,
    0.6090361880906908,
    1.0516256821573884,
    1.2032714395560398,
    0.9049411885488787,
    0.7512276111905254,
    1.0511092819274332,
    1.144581475273117,
    1.7605910093123447,
    0.2978994829860186,
    0.8050958203107585,
    1.146650088630852,
    1.192891890878136,
    1.0763907202675966,
    1.4810924060438055,
    2.048577061848669,
    1.2255286328578316,
    1.0853551667790509,
    1.2724715325741878,
    0.900048799058162,
    1.4791036105789128,
    -0.4891867109046688,
    0.680398748465143,
    0.8042593151450647,
    1.0564492740482074,
    1.110053075515494,
    1.8527798327623912,
    1.7648306047019091,
    1.3322056754146148,
    1.09978000793905,
    -0.6362552718588483,
    -1.2328793424782336,
    -1.2166789133402267,
    -1.6670112974067834,
    -1.9505779439362645,
    -0.7503893802904159,
    0.02556853233307539,
    -0.045475544121846165,
    -0.15075328158835455,
    -0.5114635002879919,
    -1.2717120365023775,
    -0.4440591904676703
  ],