{
  "backend": "gpu",
  "freq_hz": [
    100000000.0,
    198333333.3333333,
    296666666.6666666,
    395000000.0,
    493333333.3333333,
    591666666.6666666,
    690000000.0,
    788333333.3333333,
    886666666.6666666,
    985000000.0,
    1083333333.3333333,
    1181666666.6666665,
    1280000000.0,
    1378333333.3333333,
    1476666666.6666665,
    1575000000.0,
    1673333333.3333333,
    1771666666.6666665,
    1870000000.0,
    1968333333.3333333,
    2066666666.6666665,
    2165000000.0,
    2263333333.333333,
    2361666666.6666665,
    2460000000.0,
    2558333333.333333,
    2656666666.6666665,
    2755000000.0,
    2853333333.333333,
    2951666666.6666665,
    3050000000.0,
    3148333333.333333,
    3246666666.6666665,
    3345000000.0,
    3443333333.333333,
    3541666666.6666665,
    3640000000.0,
    3738333333.333333,
    3836666666.6666665,
    3935000000.0,
    4033333333.333333,
    4131666666.6666665,
    4230000000.0,
    4328333333.333333,
    4426666666.666666,
    4525000000.0,
    4623333333.333333,
    4721666666.666666,
    4820000000.0,
    4918333333.333333,
    5016666666.666666,
    5115000000.0,
    5150000000.0,
    5213333333.333333,
    5220000000.0,
    5290000000.0,
    5311666666.666666,
    5360000000.0,
    5410000000.0,
    5430000000.0,
    5500000000.0,
    5508333333.333333,
    5570000000.0,
    5606666666.666666,
    5640000000.0,
    5705000000.0,
    5710000000.0,
    5780000000.0,
    5803333333.333333,
    5850000000.0,
    5901666666.666666,
    6000000000.0
  ],
  "i_short_imag": [
    8.266457780087523e-05,
    0.00015767737029046358,
    0.00022295232806939332,
    0.000279339614251559,
    0.00036320229877599935,
    -0.0003787502084104828,
    -0.00043727730634362063,
    -0.0005028046048865733,
    -0.0005724473353922451,
    -0.0006420803087744163,
    0.0006901016872904304,
    0.0007212420137690366,
    0.0007231221693788001,
    0.0006863291343894247,
    0.0005502566220953221,
    -0.0014342828661844421,
    -0.0008170730622707491,
    -0.000720780835064495,
    -0.000655856614598964,
    -0.0005597914960788402,
    0.0005678899245561618,
    0.0004965800273221793,
    0.0004272733952916206,
    0.00035575152255677857,
    0.00026807476997565635,
    -0.0007007423643299739,
    -0.00024768340852174297,
    -0.00015057440281722947,
    -4.312299682870423e-05,
    8.123596363142451e-05,
    -0.0002566459157490673,
    -0.0004093099865097157,
    -0.0005456557569051093,
    -0.0006358229821634242,
    -0.0006574021788610904,
    -0.0005935914818063904,
    -0.0004103451711362862,
    -0.00022041829639061117,
    0.001537593301645885,
    0.0004456304769580812,
    -0.0012759603283605595,
    -0.0007825485922278017,
    -0.000641743410675484,
    -0.0005282464317252992,
    -0.00039902710659194543,
    -0.00025047614477008575,
    -0.00010052805054760886,
    2.217740297666288e-05,
    9.383223105209806e-05,
    0.00019641665046513657,
    -0.00014481089868833278,
    -0.000336006760584036,
    -0.0004610041659219509,
    -0.000904606087845311,
    -0.0009924603325492244,
    0.0030213440186344087,
    0.0023585246014494756,
    0.0006514004846911462,
    0.0002907771461526452,
    0.00021678833093333592,
    7.113799848769184e-05,
    6.043952451728213e-05,
    1.010388950817287e-05,
    2.578753395476757e-05,
    5.199551608133207e-05,
    0.00012837030734513455,
    0.00013694102739615865,
    0.00036567672552872575,
    0.0005585933565081671,
    0.0012855777458753437,
    -0.0008166599616216418,
    -5.2880384386528685e-05
  ],
  "i_short_real": [
    0.0007118645107777277,
    0.0006910655907954227,
    0.0006627253011886756,
    0.0006336325935283961,
    0.0006664584557522493,
    -0.0005761647583204965,
    -0.0005521775936656409,
    -0.000519541056557095,
    -0.0004720292886095684,
    -0.00040759990937390823,
    0.000319407749128646,
    0.00022128973939892707,
    0.00011894161406644416,
    2.3098470148512472e-05,
    -4.828086349718246e-05,
    0.0002899746692468733,
    0.0002559932261794549,
    0.0003074762468264018,
    0.0003601341195609318,
    0.00038558714671298606,
    -0.00048486159317711756,
    -0.0005224951647763499,
    -0.0005523358830248045,
    -0.0005646951787516012,
    -0.0005257971273668096,
    0.0017413418050239893,
    0.0008360367282052931,
    0.0008302699965248144,
    0.0008485206933579422,
    0.0008118018801762846,
    -0.0009258979645443046,
    -0.000831934933939026,
    -0.0007101802542831446,
    -0.0005490831268970853,
    -0.0003674434154026627,
    -0.00019308035523012238,
    -5.541727667028043e-05,
    5.148044900591738e-06,
    -0.00023645730585326289,
    -0.00011592451455387974,
    0.0004538111437018769,
    0.00036481317563904554,
    0.0004004969120935524,
    0.00045911212152103544,
    0.0005105901934248195,
    0.0005277224570746585,
    0.0004919089271970284,
    0.0004018726734055333,
    0.0002815965502182776,
    0.00029142282107122805,
    -0.00012361115021511235,
    -0.00015910782576134303,
    -0.00016909517627448133,
    -0.00017870269763438696,
    -0.00017987807372932667,
    7.91556612966815e-05,
    -3.622347159471326e-05,
    -6.110987084012702e-05,
    -4.231458585714118e-05,
    -3.342240534928166e-05,
    -7.387639933630854e-06,
    -5.298212941357416e-06,
    1.0378103979746812e-06,
    6.6052005022818504e-06,
    2.0441353313951747e-05,
    7.340833745560557e-05,
    7.928507649720871e-05,
    0.00021511749847781487,
    0.000314236477689519,
    0.0006251417653402314,
    -0.000310784339849074,
    -8.455647442840374e-06
  ],
  "method": "thevenin",
  "model": "dir5_s15_longfeed_f12_s0",
  "open_init": "empty",
  "open_run_id": "f670bf21ee19",
  "quality": "coarse",
  "short_init": "solid",
  "short_run_id": "36491af99c02",
  "v_open_imag": [
    0.006354174111038446,
    0.010990958660840988,
    0.01297410111874342,
    0.012111648917198181,
    0.009077988564968109,
    0.005119299981743097,
    0.00157745904289186,
    -0.0005793374148197472,
    -0.0010438583558425307,
    -0.00018167728558182716,
    0.0012114554410800338,
    0.0022869715467095375,
    0.0024923505261540413,
    0.0017544381553307176,
    0.0004407110682222992,
    -0.0008606620831415057,
    -0.001628993428312242,
    -0.001636439235880971,
    -0.00101902661845088,
    -0.00017762572679203004,
    0.0004306600894778967,
    0.0005069439648650587,
    3.3434898796258494e-05,
    -0.000743269338272512,
    -0.0014493503840640187,
    -0.0017687722574919462,
    -0.0015871267532929778,
    -0.0010307042393833399,
    -0.00039014671347104013,
    2.7707523258868605e-05,
    4.564142000162974e-05,
    -0.0003087107324972749,
    -0.0008291617268696427,
    -0.001240195007994771,
    -0.0013325856998562813,
    -0.0010597059736028314,
    -0.0005510502960532904,
    -4.108878783881664e-05,
    0.0002482178679201752,
    0.00021286701667122543,
    -8.947452442953363e-05,
    -0.0004753151733893901,
    -0.0007297711563296616,
    -0.0007116334745660424,
    -0.00041820667684078217,
    1.935832369781565e-05,
    0.00040494330460205674,
    0.0005747147370129824,
    0.0004747376369778067,
    0.00018243183149024844,
    -0.00013620239042211324,
    -0.00031043976196087897,
    -0.0003164947556797415,
    -0.00024769429001025856,
    -0.00023484566190745682,
    -4.794130290974863e-05,
    2.4548395231249742e-05,
    0.00019799951405730098,
    0.00037647667340934277,
    0.00044259903370402753,
    0.0006269200821407139,
    0.0006425924366340041,
    0.0007083122036419809,
    0.00070328323636204,
    0.0006707832217216492,
    0.0005413077888078988,
    0.000528391101397574,
    0.0003209846036043018,
    0.000246731739025563,
    0.000103526639577467,
    -3.0338731448864564e-05,
    -0.0001545718259876594
  ],