{
  "backend": "gpu",
  "freq_hz": [
    100000000.0,
    198333333.3333333,
    296666666.6666666,
    395000000.0,
    493333333.3333333,
    591666666.6666666,
    690000000.0,
    788333333.3333333,
    886666666.6666666,
    985000000.0,
    1083333333.3333333,
    1181666666.6666665,
    1280000000.0,
    1378333333.3333333,
    1476666666.6666665,
    1575000000.0,
    1673333333.3333333,
    1771666666.6666665,
    1870000000.0,
    1968333333.3333333,
    2066666666.6666665,
    2165000000.0,
    2263333333.333333,
    2361666666.6666665,
    2460000000.0,
    2558333333.333333,
    2656666666.6666665,
    2755000000.0,
    2853333333.333333,
    2951666666.6666665,
    3050000000.0,
    3148333333.333333,
    3246666666.6666665,
    3345000000.0,
    3443333333.333333,
    3541666666.6666665,
    3640000000.0,
    3738333333.333333,
    3836666666.6666665,
    3935000000.0,
    4033333333.333333,
    4131666666.6666665,
    4230000000.0,
    4328333333.333333,
    4426666666.666666,
    4525000000.0,
    4623333333.333333,
    4721666666.666666,
    4820000000.0,
    4918333333.333333,
    5016666666.666666,
    5115000000.0,
    5150000000.0,
    5213333333.333333,
    5220000000.0,
    5290000000.0,
    5311666666.666666,
    5360000000.0,
    5410000000.0,
    5430000000.0,
    5500000000.0,
    5508333333.333333,
    5570000000.0,
    5606666666.666666,
    5640000000.0,
    5705000000.0,
    5710000000.0,
    5780000000.0,
    5803333333.333333,
    5850000000.0,
    5901666666.666666,
    6000000000.0
  ],
  "i_short_imag": [
    7.902160723460838e-06,
    1.438000035705045e-05,
    1.8934406398329884e-05,
    2.18747925828211e-05,
    2.4311844026669863e-05,
    -2.7622206835076214e-05,
    -3.277483338024467e-05,
    -3.9837919757701457e-05,
    -4.790145321749151e-05,
    -5.5450893705710774e-05,
    6.101494072936476e-05,
    6.378050311468541e-05,
    6.388811743818223e-05,
    6.227660342119635e-05,
    6.016613333486021e-05,
    -0.0002796653986922199,
    -5.724859656766057e-05,
    -5.598861025646329e-05,
    -5.3729407954961066e-05,
    -8.180736922772669e-05,
    4.420030163601041e-05,
    3.776033991016448e-05,
    3.1645779381506144e-05,
    2.671864349395037e-05,
    2.2893153072800487e-05,
    8.112257227293675e-05,
    -1.2682266242336483e-05,
    -2.201795723522082e-06,
    1.3456112355925143e-05,
    5.979641853632864e-05,
    -7.147320187016144e-05,
    -7.337269489653409e-05,
    -8.542368886992336e-05,
    -8.831246523186565e-05,
    -8.189530926756562e-05,
    -6.852468941360712e-05,
    -5.6443449864270044e-05,
    -6.257159883752377e-05,
    -0.00010168773850771519,
    -0.0005869425255637971,
    -0.00025118566942063477,
    -4.677216390949404e-05,
    -2.5945200468413533e-05,
    -2.2949487902224065e-05,
    -1.5877425903454425e-05,
    -6.056193524273113e-06,
    4.034409721498378e-06,
    1.1802334483945742e-05,
    2.2867092787681536e-05,
    5.890628774095944e-05,
    -4.625143797333804e-05,
    -1.0637910855745422e-05,
    -1.6866736014059562e-05,
    1.2696678822976538e-06,
    1.0125130756932778e-06,
    -1.1152600563946181e-06,
    -1.5508683645748534e-06,
    -2.145480539184064e-06,
    -2.2575461116502995e-06,
    -2.1785004719276913e-06,
    -1.479296315665124e-06,
    -1.3629951354232617e-06,
    -6.497320908357742e-07,
    6.786450731964252e-07,
    5.0306276187158874e-06,
    -1.033613110148315e-05,
    -9.47562561495238e-06,
    -5.687196128490117e-06,
    -5.373515977587727e-06,
    -5.218233679287943e-06,
    -5.866946221232188e-06,
    -7.475379223131361e-05
  ],
  "i_short_real": [
    5.65954833291471e-05,
    5.357938935048878e-05,
    4.993356997147203e-05,
    4.697198164649308e-05,
    4.547731368802488e-05,
    -4.5295956078916794e-05,
    -4.5375979971140624e-05,
    -4.42330026999116e-05,
    -4.0625751717016106e-05,
    -3.412326041143388e-05,
    2.5299206026829782e-05,
    1.54669804032892e-05,
    6.089327871450224e-06,
    -1.8508506400394254e-06,
    -8.217285358114169e-06,
    6.535063176938749e-05,
    1.914908498292789e-05,
    2.5415190611965956e-05,
    3.248460416216403e-05,
    6.516722867563197e-05,
    -4.5919601689092815e-05,
    -5.050705512985588e-05,
    -5.347580881789327e-05,
    -5.579060525633395e-05,
    -5.892454646527767e-05,
    -0.0002749188113219017,
    7.133487379178405e-05,
    7.927438127808273e-05,
    8.513471111655236e-05,
    0.00015358815303029186,
    -0.00010266886377292313,
    -6.314133643172682e-05,
    -4.1241289000026886e-05,
    -1.6661951667629184e-05,
    5.938205504207872e-06,
    2.253715792903677e-05,
    3.352927747907995e-05,
    5.325787267658689e-05,
    0.00010299372248686436,
    0.0005678741751243732,
    0.00020543812722105295,
    3.66650019442806e-05,
    2.4447412579320373e-05,
    3.083931806031615e-05,
    3.6211340920999645e-05,
    3.811664937529713e-05,
    3.543892235029489e-05,
    2.874172350857407e-05,
    2.9349876815230756e-05,
    4.5178280050381024e-05,
    -2.2230729485378085e-05,
    -4.5866777436128714e-06,
    -9.624912472341119e-06,
    2.8408796424628237e-06,
    2.9470351364579986e-06,
    4.48732971563004e-06,
    5.070025872555562e-06,
    6.430333451135084e-06,
    7.7951313869562e-06,
    8.298368629766629e-06,
    9.755524661159144e-06,
    9.892469824990259e-06,
    1.801508119023541e-05,
    3.0900256865174956e-05,
    6.973346820962754e-05,
    -6.417384437854111e-05,
    -5.661914726065456e-05,
    -2.3057183856705647e-05,
    -1.9937225217436835e-05,
    -1.6795442630346158e-05,
    -1.6693326148241245e-05,
    -0.00017370557677200805
  ],
  "method": "thevenin",
  "model": "dir5_s15_longfeed_f16_s2",
  "open_init": "empty",
  "open_run_id": "cc87bbfa4cf1",
  "quality": "coarse",
  "short_init": "solid",
  "short_run_id": "b9e552cd0e36",
  "v_open_imag": [
    0.006118383724242449,
    0.010583045892417431,
    0.012492403388023376,
    0.011661557480692863,
    0.008739857003092766,
    0.004927328787744045,
    0.0015162540366873145,
    -0.0005608405917882919,
    -0.0010079307248815894,
    -0.00017701831529848278,
    0.0011654490372166038,
    0.002201995812356472,
    0.002400214085355401,
    0.0016894894652068615,
    0.00042384176049381495,
    -0.0008298883331008255,
    -0.0015697177732363343,
    -0.0015758260851725936,
    -0.000979202683083713,
    -0.00016635347856208682,
    0.000421749398810789,
    0.0004965373664163053,
    4.0558454202255234e-05,
    -0.0007083984673954546,
    -0.0013894817093387246,
    -0.0016973159508779645,
    -0.00152104115113616,
    -0.0009823380969464779,
    -0.0003619759518187493,
    4.320656807976775e-05,
    6.134764407761395e-05,
    -0.00028136707260273397,
    -0.0007857215823605657,
    -0.0011848534923046827,
    -0.0012755317147821188,
    -0.0010117529891431332,
    -0.0005184098845347762,
    -2.2856269424664788e-05,
    0.00025881468900479376,
    0.00022435637947637588,
    -7.150274177547544e-05,
    -0.00045104921446181834,
    -0.0007048198021948338,
    -0.0006938508595339954,
    -0.0004135454073548317,
    9.68360745901009e-06,
    0.0003844692255370319,
    0.0005489754257723689,
    0.00044733640970662236,
    0.00015222087677102536,
    -0.00017507211305201054,
    -0.000365330430213362,
    -0.00037837252602912486,
    -0.00032259291037917137,
    -0.000311073410557583,
    -0.0001364730269415304,
    -6.687366840196773e-05,
    0.00010238317190669477,
    0.00028048112289980054,
    0.00034771914943121374,
    0.0005419255467131734,
    0.0005593848181888461,
    0.0006419581477530301,
    0.0006495193229056895,
    0.0006296426290646195,
    0.0005263109342195094,
    0.0005154116661287844,
    0.0003347404417581856,
    0.00026832992443814874,
    0.00013836511061526835,
    1.4505667422781698e-05,
    -0.00010613124322844669
  ],