{
  "backend": "gpu",
  "freq_hz": [
    100000000.0,
    198333333.3333333,
    296666666.6666666,
    395000000.0,
    493333333.3333333,
    591666666.6666666,
    690000000.0,
    788333333.3333333,
    886666666.6666666,
    985000000.0,
    1083333333.3333333,
    1181666666.6666665,
    1280000000.0,
    1378333333.3333333,
    1476666666.6666665,
    1575000000.0,
    1673333333.3333333,
    1771666666.6666665,
    1870000000.0,
    1968333333.3333333,
    2066666666.6666665,
    2165000000.0,
    2263333333.333333,
    2361666666.6666665,
    2460000000.0,
    2558333333.333333,
    2656666666.6666665,
    2755000000.0,
    2853333333.333333,
    2951666666.6666665,
    3050000000.0,
    3148333333.333333,
    3246666666.6666665,
    3345000000.0,
    3443333333.333333,
    3541666666.6666665,
    3640000000.0,
    3738333333.333333,
    3836666666.6666665,
    3935000000.0,
    4033333333.333333,
    4131666666.6666665,
    4230000000.0,
    4328333333.333333,
    4426666666.666666,
    4525000000.0,
    4623333333.333333,
    4721666666.666666,
    4820000000.0,
    4918333333.333333,
    5016666666.666666,
    5115000000.0,
    5150000000.0,
    5213333333.333333,
    5220000000.0,
    5290000000.0,
    5311666666.666666,
    5360000000.0,
    5410000000.0,
    5430000000.0,
    5500000000.0,
    5508333333.333333,
    5570000000.0,
    5606666666.666666,
    5640000000.0,
    5705000000.0,
    5710000000.0,
    5780000000.0,
    5803333333.333333,
    5850000000.0,
    5901666666.666666,
    6000000000.0
  ],
  "i_short_imag": [
    1.3840070459991694e-05,
    2.5416692369617522e-05,
    3.405445313546807e-05,
    4.040094499941916e-05,
    -0.00011787748889433595,
    -5.3832598496228456e-05,
    -6.405657040886581e-05,
    -7.644948200322688e-05,
    -8.903828565962613e-05,
    -9.938784642145039e-05,
    0.00010587632423266769,
    0.00010859179310500622,
    0.00010933160083368421,
    0.00011062755947932601,
    0.00011423813411965967,
    -0.00011987182078883053,
    -0.00012486422201618552,
    -0.0001251154229976237,
    -0.00011697786394506694,
    -0.003451220498085256,
    7.442392525263131e-05,
    4.8088913899846375e-05,
    2.7156464057043195e-05,
    1.6931057325564327e-05,
    1.8623626965563746e-05,
    -0.0007788994336255767,
    -3.806336026173085e-05,
    -3.8683685124851765e-05,
    -2.349790738662705e-05,
    8.757666364545003e-06,
    -5.290051340125501e-05,
    -9.87288891337812e-05,
    -0.0001344318501651287,
    -0.00015071460511535407,
    -0.00014406912960112097,
    -0.00011795102618634702,
    -8.145082392729819e-05,
    -5.935834733821498e-05,
    -4.939505083234102e-05,
    -0.0001586248968878238,
    -2.0377173495944592e-05,
    -3.7452540709637105e-05,
    -5.657569272443652e-05,
    -7.064416422508657e-05,
    -7.565395208075643e-05,
    -7.594066370406532e-05,
    -0.0001617401346473779,
    -0.004929632414132357,
    0.0001935207197190041,
    0.00020349678054140257,
    -7.959809753604123e-05,
    -2.8126532561145724e-05,
    -2.756160974968225e-05,
    -2.6234047254547477e-05,
    -2.606439811643213e-05,
    -2.3910829622764143e-05,
    -2.3117958335205913e-05,
    -2.119718119502068e-05,
    -1.911081199068576e-05,
    -1.8287183775100856e-05,
    -1.5667910338379444e-05,
    -1.539762452011928e-05,
    -5.2754783179022045e-05,
    6.388092022703973e-05,
    2.1540332052280434e-05,
    1.2792664347216488e-05,
    1.2813946523237974e-05,
    1.3313209637999535e-05,
    1.3498286716639997e-05,
    1.374344137730077e-05,
    1.3606616994366051e-05,
    -1.1264695785939693e-05
  ],
  "i_short_real": [
    0.0001056418870575726,
    0.00010085206013172866,
    9.509652154520154e-05,
    9.03788721188903e-05,
    -0.0002231931820273777,
    -8.642257889732719e-05,
    -8.467133156955243e-05,
    -8.019923116080463e-05,
    -7.16584618203342e-05,
    -5.9363082982599735e-05,
    4.519266076385975e-05,
    3.162390494253487e-05,
    2.0360579947009685e-05,
    1.1281680781394244e-05,
    2.3183993107522838e-06,
    9.565681830281392e-06,
    2.6681495364755394e-05,
    4.901511711068452e-05,
    7.35738198272884e-05,
    0.0033081342465699206,
    -0.00010835591237992049,
    -0.00011004121042788029,
    -0.00010112470481544734,
    -8.677825098857284e-05,
    -7.476107566617429e-05,
    0.001991119476460865,
    8.345817332156003e-05,
    0.00010605811839923263,
    0.00013290115166455507,
    0.00015358360251411797,
    -0.0001583722187206149,
    -0.00014194350223988296,
    -0.00010562033858150244,
    -5.719548789784312e-05,
    -8.374825119972229e-06,
    2.9194020316936076e-05,
    4.7804054338485004e-05,
    5.938628778144301e-05,
    6.605993079763292e-05,
    6.15382407074782e-05,
    -1.5290541341528296e-05,
    -2.538261760491878e-05,
    -2.272588753839955e-05,
    -9.615503222448753e-06,
    8.571024955017492e-06,
    2.7470589484334328e-05,
    0.00010031622069066813,
    0.0043601999641396105,
    -0.00021689872588642205,
    -0.00025996993625679456,
    0.00010785501353838869,
    4.035171878058463e-05,
    4.082317173015326e-05,
    4.206156008876861e-05,
    4.2208869126625364e-05,
    4.37539943959564e-05,
    4.4183316640555864e-05,
    4.495971370488405e-05,
    4.5423564733937384e-05,
    4.550315788947046e-05,
    4.5345482067205016e-05,
    4.5289524132385855e-05,
    0.00017136192520819123,
    -0.0002155369264684658,
    -7.412437477686737e-05,
    -4.425326187629253e-05,
    -4.4292226084508e-05,
    -4.551796591840685e-05,
    -4.623747954610736e-05,
    -4.8168914509005846e-05,
    -5.104031297378242e-05,
    5.8129790704697375e-05
  ],
  "method": "thevenin",
  "model": "dir5_port0_gtrim_matchwide",
  "open_init": "empty",
  "open_run_id": "0c042ac2e587",
  "quality": "coarse",
  "short_init": "solid",
  "short_run_id": "7faa530d6bb8",
  "v_open_imag": [
    0.009395673871040344,
    0.01625038869678974,
    0.019178982824087143,
    0.01789797842502594,
    0.013405940495431423,
    0.007547403685748577,
    0.0023080790415406227,
    -0.0008798191556707025,
    -0.0015626555541530252,
    -0.0002825960691552609,
    0.0017818666528910398,
    0.0033747327979654074,
    0.003678942332044244,
    0.0025875382125377655,
    0.0006459075375460088,
    -0.0012742767576128244,
    -0.0024020150303840637,
    -0.0024006799794733524,
    -0.0014729051617905498,
    -0.00021347220172174275,
    0.0007000554469414055,
    0.0008251145482063293,
    0.00013594124175142497,
    -0.0010016957530751824,
    -0.002034279052168131,
    -0.0024949463550001383,
    -0.0022163973189890385,
    -0.001387967960909009,
    -0.0004413335118442774,
    0.00017007395217660815,
    0.00018745232955552638,
    -0.000342748302500695,
    -0.0011098353425040841,
    -0.0017034175107255578,
    -0.0018167269881814718,
    -0.0013901854399591684,
    -0.0006300171371549368,
    0.00010095828474732116,
    0.0004626614390872419,
    0.0002990387147292495,
    -0.00029424054082483053,
    -0.0010235257213935256,
    -0.0015416094101965427,
    -0.0016107524279505014,
    -0.0012067583156749606,
    -0.0005181009764783084,
    0.00015416181122418493,
    0.0005434075719676912,
    0.0005394037580117583,
    0.00022882811026647687,
    -0.00016050584963522851,
    -0.0003798839170485735,
    -0.00038429719279520214,
    -0.0002832229947671294,
    -0.00026480198721401393,
    2.1627868136420147e-06,
    0.00010584063420537859,
    0.000354880525264889,
    0.0006131100817583501,
    0.000709502783138305,
    0.0009822151623666286,
    0.0010059550404548645,
    0.0011107840109616518,
    0.001110429409891367,
    0.0010700211860239506,
    0.0008952025673352182,
    0.0008774027810432017,
    0.0005876902141608298,
    0.0004826274234801531,
    0.00027817522641271353,
    8.419719233643264e-05,
    -0.00010541033407207578
  ],