{
  "backend": "gpu",
  "freq_hz": [
    100000000.0,
    198333333.3333333,
    296666666.6666666,
    395000000.0,
    493333333.3333333,
    591666666.6666666,
    690000000.0,
    788333333.3333333,
    886666666.6666666,
    985000000.0,
    1083333333.3333333,
    1181666666.6666665,
    1280000000.0,
    1378333333.3333333,
    1476666666.6666665,
    1575000000.0,
    1673333333.3333333,
    1771666666.6666665,
    1870000000.0,
    1968333333.3333333,
    2066666666.6666665,
    2165000000.0,
    2263333333.333333,
    2361666666.6666665,
    2460000000.0,
    2558333333.333333,
    2656666666.6666665,
    2755000000.0,
    2853333333.333333,
    2951666666.6666665,
    3050000000.0,
    3148333333.333333,
    3246666666.6666665,
    3345000000.0,
    3443333333.333333,
    3541666666.6666665,
    3640000000.0,
    3738333333.333333,
    3836666666.6666665,
    3935000000.0,
    4033333333.333333,
    4131666666.6666665,
    4230000000.0,
    4328333333.333333,
    4426666666.666666,
    4525000000.0,
    4623333333.333333,
    4721666666.666666,
    4820000000.0,
    4918333333.333333,
    5016666666.666666,
    5115000000.0,
    5150000000.0,
    5213333333.333333,
    5220000000.0,
    5290000000.0,
    5311666666.666666,
    5360000000.0,
    5410000000.0,
    5430000000.0,
    5500000000.0,
    5508333333.333333,
    5570000000.0,
    5606666666.666666,
    5640000000.0,
    5705000000.0,
    5710000000.0,
    5780000000.0,
    5803333333.333333,
    5850000000.0,
    5901666666.666666,
    6000000000.0
  ],
  "i_short_imag": [
    2.999922889751369e-06,
    5.6512634676417885e-06,
    7.817487735613612e-06,
    9.273983657411686e-06,
    8.128443736026196e-05,
    -1.604728057415358e-05,
    -1.7936309534713635e-05,
    -2.0361353015509447e-05,
    -2.215453976063814e-05,
    -1.790774113032967e-05,
    3.216735457141291e-05,
    3.1809543767769656e-05,
    3.218951462320693e-05,
    3.282494178022169e-05,
    3.223892567984246e-05,
    -3.705515113019229e-05,
    -3.8125226152739925e-05,
    -3.683541702809708e-05,
    -2.6571547572282232e-05,
    -0.00010699662854652339,
    8.058642420539105e-05,
    5.0753305500815224e-05,
    3.231844213373979e-05,
    1.5086269131446522e-05,
    -2.159167308488871e-06,
    -2.212660847147195e-05,
    -6.606818929041508e-05,
    0.0003379616201737144,
    7.526062274991398e-05,
    0.00026066832377599406,
    -8.169150737863585e-05,
    -5.9251982892519665e-05,
    -6.734427934218892e-05,
    -8.612799891182542e-05,
    -0.00011411381819058615,
    -0.0001551110951876489,
    -0.0002233990717811852,
    -0.0003741813580766124,
    -0.0009560102225488185,
    -0.0014011948951520026,
    -0.00038347102204441466,
    -7.087868148731324e-05,
    -2.411377286043602e-05,
    -1.2503535202657285e-05,
    -9.437373661157925e-06,
    -1.1194790411425686e-05,
    -2.327379305530088e-05,
    -0.00017948080262427413,
    6.974903701750095e-05,
    5.7856761952371785e-05,
    -7.458482753468126e-05,
    -8.090231590376056e-06,
    -5.381782159124724e-06,
    -3.257534084990743e-06,
    -3.133332485259e-06,
    -2.3152707458694257e-06,
    -2.166334792159769e-06,
    -1.9236401838121575e-06,
    -1.7863588476580144e-06,
    -1.7737392994301788e-06,
    -2.1135558802623808e-06,
    -2.224626085609731e-06,
    -4.52114798490729e-06,
    -1.2498316365910463e-05,
    3.079595041247036e-05,
    4.50673991780738e-06,
    4.2199542121515035e-06,
    1.6846130414407518e-06,
    1.0032443976058858e-06,
    -5.66891429690424e-07,
    -3.4107153588366558e-06,
    0.00012401350467154565
  ],
  "i_short_real": [
    2.5698530635766257e-05,
    2.479649567772057e-05,
    2.3471079183063206e-05,
    2.141299872181118e-05,
    0.0001520638424381867,
    -2.4691139894056288e-05,
    -2.2542617548987352e-05,
    -2.054880774362591e-05,
    -1.758068937104214e-05,
    -1.0912805737461895e-05,
    1.4647670915253613e-05,
    1.0476862436139573e-05,
    7.334689280038878e-06,
    4.709831377666784e-06,
    2.0460228883907405e-06,
    1.0245136975858613e-06,
    5.440623259803381e-06,
    1.0706223168786152e-05,
    1.2789132695400507e-05,
    7.854094638495001e-05,
    -8.809928628848338e-05,
    -8.481852627066237e-05,
    -9.139859411554476e-05,
    -9.9345652402096e-05,
    -0.00011045389249070835,
    -0.00013576456353997694,
    -0.00024080792350048122,
    0.0009609930406413293,
    0.00018467104904669191,
    0.0005534875556044554,
    -0.0001426295598093355,
    -8.040224034809132e-05,
    -6.78843888156452e-05,
    -6.145381465531266e-05,
    -5.299679149720937e-05,
    -3.813994934148974e-05,
    -9.778478766273182e-06,
    5.7907293577202126e-05,
    0.00034664593801938805,
    0.0008336256723850965,
    0.00033446911725495233,
    8.668834987253091e-05,
    4.052270646638639e-05,
    2.7963417329827583e-05,
    2.5195585777658823e-05,
    2.7957412924231107e-05,
    4.274539106098627e-05,
    0.00023955868830284326,
    -8.076992984830138e-05,
    -7.088386583544303e-05,
    0.00011129210142320946,
    1.6210951739121614e-05,
    1.2232593543571789e-05,
    9.584449097445774e-06,
    9.495532372731754e-06,
    9.854125242332136e-06,
    1.0353318590229812e-05,
    1.2085857070299677e-05,
    1.500095643437329e-05,
    1.663415247776171e-05,
    2.6657807100435e-05,
    2.8664993129509506e-05,
    6.176367533642323e-05,
    0.00016742176468266854,
    -0.00040499323789003615,
    -6.311172910316892e-05,
    -5.9964414759925004e-05,
    -4.0121034789096074e-05,
    -3.8218000111840955e-05,
    -3.8227721837742484e-05,
    -4.578322085954682e-05,
    0.0005516992460795349
  ],
  "method": "thevenin",
  "model": "dir5",
  "open_init": "empty",
  "open_run_id": "dbac45f0038f",
  "quality": "fast",
  "short_init": "solid",
  "short_run_id": "6541a03fe1e4",
  "v_open_imag": [
    0.004571259021759033,
    0.007906544953584671,
    0.009332096204161644,
    0.008709950372576714,
    0.006525730714201927,
    0.0036765364930033684,
    0.0011281728511676192,
    -0.00042271497659385204,
    -0.0007554058101959527,
    -0.00013350036169867963,
    0.0008698936435393989,
    0.0016439298633486032,
    0.0017911954782903194,
    0.001259593409486115,
    0.00031426819623447955,
    -0.0006209585699252784,
    -0.0011712240520864725,
    -0.0011729001998901367,
    -0.0007245860178954899,
    -0.00011554497177712619,
    0.0003247822169214487,
    0.0003813517396338284,
    4.1946852434193715e-05,
    -0.000515127379912883,
    -0.001020213239826262,
    -0.0012458480196073651,
    -0.0011104476870968938,
    -0.0007061869255267084,
    -0.00024348273291252553,
    5.632409738609567e-05,
    6.637829210376367e-05,
    -0.00019158322538714856,
    -0.0005668188678100705,
    -0.0008592858794145286,
    -0.0009183912188746035,
    -0.0007129466976039112,
    -0.00034067058004438877,
    2.4238299374701455e-05,
    0.00021755666239187121,
    0.0001628583122510463,
    -9.579723700881004e-05,
    -0.0004197309317532927,
    -0.0006450984510593116,
    -0.0006610467680729926,
    -0.0004591443866956979,
    -0.00013206846779212356,
    0.00017539350665174425,
    0.0003374665102455765,
    0.0003057135036215186,
    0.00012742166290991008,
    -8.278716268250719e-05,
    -0.00020226168271619827,
    -0.00020705992938019335,
    -0.0001605574507266283,
    -0.00015173967403825372,
    -2.2195536075741984e-05,
    2.8466763978940435e-05,
    0.00015041459118947387,
    0.0002769826678559184,
    0.00032421262585557997,
    0.0004575687344186008,
    0.00046913258847780526,
    0.0005197149002924562,
    0.0005188557552173734,
    0.0004983172984793782,
    0.0004110278969164938,
    0.00040217736386694014,
    0.00025850877864286304,
    0.00020654205582104623,
    0.0001056028704624623,
    1.0149331501452252e-05,
    -8.197405986720696e-05
  ],