{
  "backend": "gpu",
  "freq_hz": [
    100000000.0,
    198333333.3333333,
    296666666.6666666,
    395000000.0,
    493333333.3333333,
    591666666.6666666,
    690000000.0,
    788333333.3333333,
    886666666.6666666,
    985000000.0,
    1083333333.3333333,
    1181666666.6666665,
    1280000000.0,
    1378333333.3333333,
    1476666666.6666665,
    1575000000.0,
    1673333333.3333333,
    1771666666.6666665,
    1870000000.0,
    1968333333.3333333,
    2066666666.6666665,
    2165000000.0,
    2263333333.333333,
    2361666666.6666665,
    2400000000.0,
    2408000000.0,
    2416000000.0,
    2424000000.0,
    2432000000.0,
    2440000000.0,
    2448000000.0,
    2456000000.0,
    2460000000.0,
    2464000000.0,
    2472000000.0,
    2480000000.0,
    2558333333.333333,
    2656666666.6666665,
    2755000000.0,
    2853333333.333333,
    2951666666.6666665,
    3050000000.0,
    3148333333.333333,
    3246666666.6666665,
    3345000000.0,
    3443333333.333333,
    3541666666.6666665,
    3640000000.0,
    3738333333.333333,
    3836666666.6666665,
    3935000000.0,
    4033333333.333333,
    4131666666.6666665,
    4230000000.0,
    4328333333.333333,
    4426666666.666666,
    4525000000.0,
    4623333333.333333,
    4721666666.666666,
    4820000000.0,
    4918333333.333333,
    5016666666.666666,
    5115000000.0,
    5213333333.333333,
    5311666666.666666,
    5410000000.0,
    5508333333.333333,
    5606666666.666666,
    5705000000.0,
    5803333333.333333,
    5901666666.666666,
    6000000000.0
  ],
  "i_short_imag": [
    2.770964238152374e-06,
    9.255000622943044e-06,
    -1.4867342542856932e-05,
    -1.6356717969756575e-05,
    1.928123674588278e-05,
    2.6786766829900445e-05,
    -3.194497257936746e-05,
    -3.106768417637795e-05,
    3.3020181581377984e-05,
    4.401559417601675e-05,
    7.661391954605777e-05,
    -5.27937721926719e-05,
    0.0001398621997402291,
    3.7776157842017714e-05,
    3.6960424040444195e-05,
    -3.8392917485907677e-05,
    -4.4213785440661016e-05,
    5.2820995915681126e-05,
    5.302756908349693e-05,
    0.00036035342194824517,
    -3.1498135649599134e-05,
    3.407954063732177e-05,
    3.6950517096556726e-05,
    2.7832717751152814e-05,
    -0.00010218655565695183,
    -2.795627780022907e-05,
    -2.0920817041769625e-05,
    -2.007143193623051e-05,
    -1.929226564243436e-05,
    -1.8589870887808504e-05,
    -1.796935248421505e-05,
    -1.7434400797355922e-05,
    -1.7199730791617185e-05,
    -1.6987012350000442e-05,
    -1.6627633885946125e-05,
    -1.6354862600564958e-05,
    -1.6921054339036345e-05,
    1.3238891551736743e-05,
    -9.315463103121147e-06,
    -4.345248960203449e-05,
    -0.0028233439661562443,
    -1.2085890921298416e-05,
    -2.2898188035469502e-05,
    -6.62215557339633e-05,
    -0.00015397914863252022,
    -6.98652701339209e-05,
    -2.0179376588203016e-05,
    -3.642333322204649e-05,
    -0.00012545063293542387,
    -0.0001575802202448609,
    -1.548664608109162e-05,
    -1.1450052994632644e-08,
    2.5926347763688017e-05,
    0.00014365811772899955,
    -1.2063721078447999e-05,
    -2.6219189749099318e-06,
    1.11781366285868e-05,
    2.1764403209090235e-05,
    -2.0805765234399588e-05,
    -1.7589842900633813e-05,
    -2.092729264404625e-05,
    2.2248328605201095e-05,
    8.695711768675096e-05,
    -7.702139555476606e-06,
    -9.938428411260249e-06,
    1.4478307275567205e-05,
    1.2923715985380113e-05,
    -9.478703577769921e-06,
    -9.716892964206637e-06,
    8.202253229683266e-06,
    -9.60465786192799e-07,
    4.402511492217224e-05
  ],
  "i_short_real": [
    4.3773782090283936e-05,
    4.464962112251669e-05,
    -4.128090804442764e-05,
    -3.8718333235010506e-05,
    4.011215642094613e-05,
    3.927795041818172e-05,
    -3.291241882834584e-05,
    -2.88313691271469e-05,
    3.156639577355236e-05,
    3.135752340313047e-05,
    2.7401246265963643e-05,
    -3.6616514989873398e-06,
    -1.156438177788174e-05,
    -2.918853715527803e-06,
    -1.548152431496419e-06,
    5.976510692562443e-07,
    7.219201506813989e-07,
    -8.75833648024127e-06,
    -2.486718003638089e-05,
    -0.0003088246395160832,
    3.268829022999853e-05,
    -3.0363674159161747e-05,
    -3.998317406512797e-05,
    -5.067483289167285e-05,
    0.00023187322794933536,
    6.621229328605168e-05,
    5.161605076864362e-05,
    5.1460746908560397e-05,
    5.125257303006947e-05,
    5.100202397443355e-05,
    5.0720496801659465e-05,
    5.0420110346749426e-05,
    5.026670987717807e-05,
    5.0113321049138906e-05,
    4.9812957877293235e-05,
    4.953187890350819e-05,
    5.0123670371249324e-05,
    -6.279328372329474e-05,
    -7.154829218052328e-05,
    -7.494234810545893e-05,
    -0.003278810763731599,
    -3.669271536637098e-05,
    -5.736487801186741e-05,
    -5.903247625689248e-05,
    -2.8480809082660385e-05,
    1.8365213297050108e-05,
    -4.6768935135332874e-06,
    -2.124885650118813e-05,
    -2.348613600051473e-06,
    0.00011121998648097744,
    4.79133359603285e-05,
    6.802337156841532e-06,
    6.337662501380228e-06,
    -5.342901839736326e-05,
    1.723777531879023e-05,
    5.889968815608882e-06,
    4.677282413467765e-06,
    -1.7938698420039146e-07,
    8.368385169887916e-06,
    8.543970761820675e-06,
    8.912324119592085e-06,
    -1.660550478845835e-05,
    -0.0001319976858352213,
    1.830937253544107e-05,
    1.3225740985944867e-05,
    -1.6047734243329616e-05,
    -2.1570894750766457e-05,
    2.2789335343986752e-05,
    2.407222491456196e-05,
    -3.0468226759694518e-05,
    -3.55623138602823e-05,
    0.00012134661760207586
  ],
  "method": "thevenin",
  "model": "dir24_long_port0_gtrim_matchpad",
  "open_init": "empty",
  "open_run_id": "3d004354e666",
  "quality": "coarse",
  "short_init": "solid",
  "short_run_id": "cc11e70aedf3",
  "v_open_imag": [
    0.016701988875865936,
    0.016756948083639145,
    0.005697499494999647,
    -0.0003378491383045912,
    0.002610141411423683,
    0.0051388246938586235,
    0.002226781565696001,
    -0.0006322469562292099,
    0.0007577314972877502,
    0.0025593098253011703,
    0.0010897497413679957,
    -0.0008658651495352387,
    -7.337735587498173e-05,
    0.0013460522750392556,
    0.00048596045235171914,
    -0.0010187128791585565,
    -0.000534619961399585,
    0.0006596092716790736,
    0.00014728374662809074,
    -0.0010779653675854206,
    -0.0007878344040364027,
    0.0002498188114259392,
    -3.087073491769843e-05,
    -0.001043788273818791,
    -0.0011621048906818032,
    -0.0011547461617738008,
    -0.0011363811790943146,
    -0.0011073759524151683,
    -0.0010682579595595598,
    -0.0010197103256359696,
    -0.0009625613456591964,
    -0.0008977653924375772,
    -0.0008628297364339232,
    -0.0008263920899480581,
    -0.0007496080361306667,
    -0.0006686571869067848,
    7.196128717623651e-05,
    -5.585601320490241e-05,
    -0.0009430980426259339,
    -0.0008742227801121771,
    -2.9108499802532606e-05,
    -3.038924296561163e-05,
    -0.0008115882519632578,
    -0.0008359488565474749,
    -5.5858836276456714e-05,
    8.879535016603768e-05,
    -0.0005545765743590891,
    -0.0006683345418423414,
    -4.5242402848089114e-05,
    9.884125756798312e-05,
    -0.00045963539741933346,
    -0.0005465311114676297,
    9.649464482208714e-05,
    0.00028250928153283894,
    -0.0003795752418227494,
    -0.0007494736346416175,
    -0.00024878003750927746,
    0.00017625928740017116,
    -0.00012905447511002421,
    -0.000444521865574643,
    -0.00016311575018335134,
    0.00016134034376591444,
    4.1389001125935465e-05,
    -3.637217014329508e-05,
    0.0002843812108039856,
    0.00045997710549272597,
    0.00014989252667874098,
    -5.661221803165972e-05,
    0.00023776305897627026,
    0.0004739200812764466,
    0.0002264514478156343,
    1.1556639037735295e-05
  ],