{
  "backend": "gpu",
  "freq_hz": [
    100000000.0,
    198333333.3333333,
    296666666.6666666,
    395000000.0,
    493333333.3333333,
    591666666.6666666,
    690000000.0,
    788333333.3333333,
    886666666.6666666,
    985000000.0,
    1083333333.3333333,
    1181666666.6666665,
    1280000000.0,
    1378333333.3333333,
    1476666666.6666665,
    1575000000.0,
    1673333333.3333333,
    1771666666.6666665,
    1870000000.0,
    1968333333.3333333,
    2066666666.6666665,
    2165000000.0,
    2263333333.333333,
    2361666666.6666665,
    2400000000.0,
    2408000000.0,
    2416000000.0,
    2424000000.0,
    2432000000.0,
    2440000000.0,
    2448000000.0,
    2456000000.0,
    2460000000.0,
    2464000000.0,
    2472000000.0,
    2480000000.0,
    2558333333.333333,
    2656666666.6666665,
    2755000000.0,
    2853333333.333333,
    2951666666.6666665,
    3050000000.0,
    3148333333.333333,
    3246666666.6666665,
    3345000000.0,
    3443333333.333333,
    3541666666.6666665,
    3640000000.0,
    3738333333.333333,
    3836666666.6666665,
    3935000000.0,
    4033333333.333333,
    4131666666.6666665,
    4230000000.0,
    4328333333.333333,
    4426666666.666666,
    4525000000.0,
    4623333333.333333,
    4721666666.666666,
    4820000000.0,
    4918333333.333333,
    5016666666.666666,
    5115000000.0,
    5213333333.333333,
    5311666666.666666,
    5410000000.0,
    5508333333.333333,
    5606666666.666666,
    5705000000.0,
    5803333333.333333,
    5901666666.666666,
    6000000000.0
  ],
  "i_short_imag": [
    1.2690348376054318e-05,
    9.101146133616567e-06,
    -4.576451101456769e-06,
    -1.604990102350712e-05,
    2.9634617385454478e-05,
    2.6745005743578077e-05,
    -1.9948756380472334e-05,
    -2.9734300915151836e-05,
    4.498396592680365e-05,
    4.266369505785406e-05,
    -3.1962248613126576e-05,
    -4.00793127482757e-05,
    -0.00013566001304712763,
    6.810877239331603e-05,
    6.35200382319984e-05,
    0.00017815531015250103,
    -3.7895412861966066e-05,
    3.628827398642898e-05,
    3.7995594902895396e-05,
    -3.845651226583869e-05,
    -4.162778204772622e-05,
    4.2169776861555874e-05,
    3.908270737156272e-05,
    0.00011093944391699675,
    -3.709744884545195e-05,
    -3.224217798560858e-05,
    -3.140043700113893e-05,
    -3.0467254691757262e-05,
    -2.9438419733196498e-05,
    -2.831087331287563e-05,
    -2.7082752785645427e-05,
    -2.6609765775740093e-05,
    -2.7122877133601092e-05,
    -2.7728639693240384e-05,
    -2.9223789122065755e-05,
    -3.113134075961746e-05,
    1.6595815034639764e-05,
    -2.0713526413379704e-05,
    -2.5301353616669077e-07,
    -2.4858874846616616e-05,
    -1.5838375838939103e-05,
    -2.8631426672430732e-05,
    -6.114190404800622e-05,
    -9.127642834666353e-05,
    0.0002930244111282089,
    -0.00022570224427264962,
    -0.00010646176442942384,
    -3.0975524159147524e-05,
    -7.758456190163555e-06,
    7.496826775744219e-05,
    -0.00010551580673357698,
    -0.00011939282716988932,
    -6.22327759127112e-05,
    9.680114497091143e-05,
    -7.868319830809096e-05,
    -0.00010047450416644548,
    -1.2432108638921632e-05,
    0.00011055694466264575,
    -7.323290277395042e-05,
    1.4084998375255992e-05,
    -2.8102116318757072e-05,
    -2.0992517226446766e-05,
    6.549506272625832e-05,
    -5.424619983839025e-05,
    -1.4924327842891216e-05,
    0.0005463712416090068,
    1.1208429330305248e-05,
    -6.271940947044641e-06,
    -3.3506672480143608e-06,
    2.2129217662783767e-05,
    9.056472663269323e-05,
    1.6071516340731796e-06
  ],
  "i_short_real": [
    4.3227063724771145e-05,
    3.422570298425853e-05,
    -4.084938846062869e-05,
    -4.863205249421299e-05,
    3.985240764450282e-05,
    2.7759576914831997e-05,
    -3.184511733707041e-05,
    -4.0237559005618095e-05,
    3.128662356175482e-05,
    1.5245878603309394e-05,
    -1.6922588110901417e-05,
    -2.882450935430825e-05,
    -4.540140344256456e-05,
    -7.668000762350857e-06,
    -3.45609499035451e-05,
    -0.00012319604888270241,
    1.1562969205089619e-05,
    -8.856074418872596e-06,
    -1.3976967602502555e-05,
    1.6596165369264782e-05,
    2.1283481328282508e-05,
    -3.018747374881059e-05,
    -3.8464387762360276e-05,
    -0.0001485494018316101,
    5.913337017142925e-05,
    5.36833715159446e-05,
    5.477482336573303e-05,
    5.586364422924817e-05,
    5.694011924788356e-05,
    5.7993561495095494e-05,
    5.901277181692422e-05,
    6.198016485636388e-05,
    6.545024497806917e-05,
    6.942419841584294e-05,
    7.915067033974072e-05,
    9.188876586070765e-05,
    -0.00047321446940879413,
    -6.720215224831138e-05,
    -2.4451655917800963e-05,
    3.957084132603763e-05,
    7.2154012741521e-05,
    -0.0001010802823394136,
    -7.11454616662416e-05,
    -7.216347199882215e-05,
    0.00022862117944789454,
    -8.684684184789728e-05,
    1.9409724090296813e-05,
    3.798211717711961e-05,
    2.1801373533294607e-05,
    0.00012913312295907646,
    -3.406552034729448e-05,
    4.811908609331474e-05,
    8.470862152905159e-05,
    -1.0798180462570027e-05,
    4.844679395259924e-06,
    8.906687885068754e-05,
    0.00016537312035150696,
    0.00011339631116595163,
    1.619525180537181e-05,
    6.318290563181407e-05,
    9.57576682651221e-06,
    0.00011061055623646618,
    8.634127445986818e-05,
    -3.721964601324099e-07,
    1.054123931680806e-05,
    -0.0013701200832488842,
    -7.989402373059592e-05,
    1.6347576456610115e-05,
    2.515488595236093e-05,
    5.3655841772692566e-05,
    6.904940553891473e-05,
    9.30624560922647e-06
  ],
  "method": "thevenin",
  "model": "dir24_s15_gtrim_widefeed_f14_s0",
  "open_init": "empty",
  "open_run_id": "3a4a6307183b",
  "quality": "coarse",
  "short_init": "solid",
  "short_run_id": "b7207c0bc5fd",
  "v_open_imag": [
    0.013821320608258247,
    0.013872680254280567,
    0.004724026191979647,
    -0.0002765083918347955,
    0.0021574534475803375,
    0.004255179315805435,
    0.0018522674217820168,
    -0.0005177582497708499,
    0.000624799111392349,
    0.002118840115144849,
    0.0009109660750254989,
    -0.0007102996460162103,
    -6.445224425988272e-05,
    0.001111263525672257,
    0.0004093096067663282,
    -0.0008380262879654765,
    -0.0004522311210166663,
    0.0005318914772942662,
    0.00012009985221084207,
    -0.0008890453027561307,
    -0.0006617421167902648,
    0.00018890218052547425,
    -3.556234514690004e-05,
    -0.0008756269235163927,
    -0.0009816918754950166,
    -0.000977743067778647,
    -0.0009647956467233598,
    -0.0009431295329704881,
    -0.0009131560218520463,
    -0.0008754140581004322,
    -0.0008305604569613934,
    -0.0007793565164320171,
    -0.0007516377372667193,
    -0.0007226588786579669,
    -0.0006614024168811738,
    -0.0005965879536233842,
    5.8824089137488045e-06,
    -7.764129259157926e-05,
    -0.0007851754198782146,
    -0.000743810145650059,
    -7.850482506910339e-05,
    -6.960682367207482e-05,
    -0.0006676825578324497,
    -0.0006743540870957077,
    -7.423956412822008e-05,
    7.589485903736204e-06,
    -0.0005031084874644876,
    -0.0005537407705560327,
    -2.7256250177742913e-05,
    8.169946522684768e-05,
    -0.000382566504413262,
    -0.00046838243724778295,
    2.973853588628117e-05,
    0.00020639185095205903,
    -0.00019843118207063526,
    -0.000338939658831805,
    8.535647066310048e-05,
    0.00028507321258075535,
    -7.512641604989767e-05,
    -0.00026095943758264184,
    9.095947461901233e-05,
    0.00029619186534546316,
    -3.2144067517947406e-05,
    -0.00024439397384412587,
    9.215465979650617e-05,
    0.00037937465822324157,
    0.0001274582464247942,
    -0.00016026919183786958,
    2.3034439436742105e-05,
    0.0002707958046812564,
    9.099760063691065e-05,
    -0.00019147785496897995
  ],