{
  "backend": "gpu",
  "freq_hz": [
    100000000.0,
    198333333.3333333,
    296666666.6666666,
    395000000.0,
    493333333.3333333,
    591666666.6666666,
    690000000.0,
    788333333.3333333,
    886666666.6666666,
    985000000.0,
    1083333333.3333333,
    1181666666.6666665,
    1280000000.0,
    1378333333.3333333,
    1476666666.6666665,
    1575000000.0,
    1673333333.3333333,
    1771666666.6666665,
    1870000000.0,
    1968333333.3333333,
    2066666666.6666665,
    2165000000.0,
    2263333333.333333,
    2361666666.6666665,
    2400000000.0,
    2408000000.0,
    2416000000.0,
    2424000000.0,
    2432000000.0,
    2440000000.0,
    2448000000.0,
    2456000000.0,
    2460000000.0,
    2464000000.0,
    2472000000.0,
    2480000000.0,
    2558333333.333333,
    2656666666.6666665,
    2755000000.0,
    2853333333.333333,
    2951666666.6666665,
    3050000000.0,
    3148333333.333333,
    3246666666.6666665,
    3345000000.0,
    3443333333.333333,
    3541666666.6666665,
    3640000000.0,
    3738333333.333333,
    3836666666.6666665,
    3935000000.0,
    4033333333.333333,
    4131666666.6666665,
    4230000000.0,
    4328333333.333333,
    4426666666.666666,
    4525000000.0,
    4623333333.333333,
    4721666666.666666,
    4820000000.0,
    4918333333.333333,
    5016666666.666666,
    5115000000.0,
    5213333333.333333,
    5311666666.666666,
    5410000000.0,
    5508333333.333333,
    5606666666.666666,
    5705000000.0,
    5803333333.333333,
    5901666666.666666,
    6000000000.0
  ],
  "i_short_imag": [
    3.2638472475809976e-06,
    7.927243859739975e-06,
    -1.2082940520485864e-05,
    -1.4560209820047021e-05,
    1.794669806258753e-05,
    2.3290599347092212e-05,
    -2.6898211217485368e-05,
    -2.7600178145803512e-05,
    3.15552664687857e-05,
    4.2287554242648186e-05,
    5.081723211333156e-05,
    -5.6261525453747844e-05,
    8.417328184319454e-05,
    2.595591940917075e-05,
    -0.002562587872978905,
    -4.252229409758002e-05,
    -4.33841982157901e-05,
    4.1785012581385675e-05,
    4.6102266060188414e-05,
    -0.00011434763646117256,
    -4.430696257263984e-05,
    1.1300941147809468e-05,
    -7.234861550386995e-06,
    -3.7690941098844635e-06,
    1.4008638105951216e-06,
    3.539933198642526e-06,
    8.117899437645162e-06,
    2.9086879407844484e-05,
    -3.719722134738183e-05,
    -1.3272190715457498e-05,
    -8.52316065882972e-06,
    -7.854498107917607e-06,
    -8.217727736337111e-06,
    -8.558997797081247e-06,
    -9.171845158562065e-06,
    -9.68606400419958e-06,
    2.076106741475536e-05,
    -3.3774154871935026e-06,
    -1.3039610348641873e-05,
    -2.848588377316384e-05,
    1.742024476865013e-05,
    -8.867033466231078e-06,
    -1.783525076461956e-05,
    -2.414640110950072e-05,
    -0.0016870390390977263,
    -1.0066601680591704e-05,
    -9.074148692889139e-06,
    -1.7519623472794252e-05,
    1.807632943382487e-05,
    5.1655365814518406e-05,
    -2.0421261433511974e-05,
    -2.1560177265200765e-05,
    2.4429321638308468e-05,
    2.7884441078640523e-05,
    -2.9386189999058844e-05,
    -2.8185936389490963e-05,
    2.751848369371146e-05,
    3.085782809648663e-05,
    -3.60522564733401e-05,
    -3.701638197526336e-05,
    -3.21464438457042e-05,
    2.8807757189059412e-05,
    3.807569066049306e-05,
    -2.75461032288149e-05,
    -2.6092759799212218e-05,
    0.00010374765866539136,
    1.897384738690302e-05,
    2.2583079740602647e-05,
    2.138718846254051e-05,
    2.440177391832288e-05,
    0.00035750400849041207,
    4.436808799940698e-05
  ],
  "i_short_real": [
    3.810109337791801e-05,
    3.8106119609437884e-05,
    -3.627285186666995e-05,
    -3.4837255952879786e-05,
    3.489064401946962e-05,
    3.337651723995805e-05,
    -2.9241506126709282e-05,
    -2.7150317328050734e-05,
    2.8866471257060767e-05,
    2.6459756190888585e-05,
    1.3060931814834476e-05,
    4.052499434379646e-06,
    -2.010275289057221e-05,
    7.029518656054279e-07,
    -0.0005118132053864909,
    -8.319530024891719e-07,
    8.769726991886274e-06,
    -1.3013930583838373e-05,
    -1.800169702619314e-05,
    7.88271938068389e-05,
    6.54220199412488e-05,
    -6.32293889222268e-05,
    -4.094951436854899e-05,
    -2.360191137995571e-05,
    -2.5547987708773214e-05,
    -3.3340069064737845e-05,
    -5.190032754670434e-05,
    -0.00014256435505279736,
    0.0001501814331747732,
    4.635578759211805e-05,
    2.670493600768032e-05,
    2.271434641443193e-05,
    2.3036397760733965e-05,
    2.3380307538900524e-05,
    2.412875765003264e-05,
    2.4949034559540452e-05,
    -8.042889807343693e-05,
    -3.901694144587964e-05,
    -3.091579710599035e-05,
    -5.636038071635279e-05,
    6.675890361078825e-05,
    -2.810524019878358e-05,
    -2.6660109870135785e-05,
    -1.9238845867700083e-05,
    -0.0009978098387364298,
    -1.0880692570935935e-05,
    -1.635439839446917e-05,
    -2.509443294220101e-05,
    1.7838305211625993e-05,
    3.846187266298929e-05,
    -1.3241938722785564e-05,
    -1.2963042536284775e-05,
    1.232505455845967e-05,
    9.509982919553295e-06,
    -4.837697633774952e-06,
    -1.344250085821841e-06,
    1.0447547538205981e-06,
    9.165227311314084e-07,
    4.024325608043e-06,
    1.328077632933855e-05,
    2.058953541563824e-05,
    -2.4055288604402027e-05,
    -3.333505245241994e-05,
    2.7115488774143162e-05,
    3.5747082438319926e-05,
    -0.00024701878970295017,
    -0.00015692778982638792,
    0.00011587550629949942,
    3.805921005550772e-05,
    2.6535902237623845e-05,
    0.0004607047230765295,
    0.00010175278023444652
  ],
  "method": "thevenin",
  "model": "dir24_long_port0_gtrim_matchwide_longstub",
  "open_init": "empty",
  "open_run_id": "e2990c8fc13f",
  "quality": "coarse",
  "short_init": "solid",
  "short_run_id": "ea7f26d2480d",
  "v_open_imag": [
    0.015323305502533913,
    0.015389664098620415,
    0.00525028258562088,
    -0.00030956752016209066,
    0.0023724196944385767,
    0.004705152940005064,
    0.0020574629306793213,
    -0.0005763679509982467,
    0.0006688737194053829,
    0.0023263071198016405,
    0.0010110907023772597,
    -0.0007820692844688892,
    -9.053278336068615e-05,
    0.0012059592409059405,
    0.0004580122185871005,
    -0.0009028043132275343,
    -0.00048556950059719384,
    0.0006113516865298152,
    0.00019920372869819403,
    -0.0009119840105995536,
    -0.0007299701683223248,
    0.00018659138004295528,
    8.234411507146433e-05,
    -0.0006416001124307513,
    -0.0007186439470387995,
    -0.0007107330020517111,
    -0.0006946782232262194,
    -0.0006708122091367841,
    -0.0006395978853106499,
    -0.0006016199477016926,
    -0.0005575764225795865,
    -0.0005082629504613578,
    -0.0004819030000362545,
    -0.0004545635310932994,
    -0.0003974328574258834,
    -0.0003378833644092083,
    0.00015710911247879267,
    -0.0001252034999197349,
    -0.0009233580785803497,
    -0.0008256761939264834,
    -0.00011721745977411047,
    -0.00015072149108164012,
    -0.0007545354310423136,
    -0.0006915187695994973,
    -0.00011400404764572158,
    -0.0002106047613779083,
    -0.0008357103215530515,
    -0.0007684541051276028,
    -6.425568426493555e-05,
    4.5930308260722086e-05,
    -0.0005245000938884914,
    -0.0006116802105680108,
    -2.204136580985505e-05,
    0.0001735749829094857,
    -0.00028413618565537035,
    -0.0004111525777261704,
    9.23474071896635e-05,
    0.0003092756087426096,
    -0.00010170605673920363,
    -0.0002870048047043383,
    0.0001380567846354097,
    0.00038953693001531065,
    4.1855022573145106e-05,
    -0.00020576360111590475,
    9.627619874663651e-05,
    0.00034680726821534336,
    0.00010704953456297517,
    -0.00011626443301793188,
    5.8923993492498994e-05,
    0.00018821997218765318,
    4.922336529489257e-07,
    -7.41020403438597e-06
  ],