{
  "a_imag": [
    -0.761531263604511,
    -0.7563198551352407,
    -1.0337293005072306,
    -0.8808420950600891,
    -0.7267776201690268,
    -0.6833723092306087,
    -0.44790040560778976,
    -0.4941935588829564,
    -0.5064161782548318,
    -0.3402384600861419,
    -0.1969657322898534,
    -0.2145569134415541,
    -0.25910042575656317,
    -0.35455036872206813,
    -0.7106282179350636,
    -1.0735657997391856,
    -1.151576776581145,
    -0.613587012673614,
    -0.36866956303149534,
    -0.46437745444251183,
    -1.2078519275597328
  ],
  "a_real": [
    -0.14494442803686025,
    -0.718129281317576,
    -0.5382262945210462,
    -0.2766154917623088,
    -0.1899452728049941,
    -0.3195625280328886,
    -0.4725402288977911,
    -0.36421577560013907,
    0.004786819240199017,
    0.18341423757275319,
    -0.09488170900793044,
    -0.33844894380426355,
    -0.6094642814320259,
    -0.9107831278242106,
    -1.0700835874105084,
    -0.7930040118533318,
    -0.2746988543490177,
    -0.22561732623506844,
    -0.46579452982181274,
    -0.9004854265849556,
    -0.9684376427126836
  ],
  "b_imag": [
    1.1059433191928252,
    -0.15390603458753793,
    3.2104847934189316,
    0.5529779181436054,
    -0.1830915331426956,
    2.7771146630460426,
    -0.016405322704550918,
    0.00905529144345226,
    0.061431725740922816,
    0.7839002648440501,
    0.5608693678843142,
    0.2337688903047339,
    -0.15157539559021282,
    -1.0196644631430674,
    0.37514503727536397,
    -0.6500058744079864,
    0.5045502424600697,
    -0.8083938481462256,
    -0.030819639979996052,
    -0.9153651722179864,
    -0.47315473913619627
  ],
  "b_real": [
    0.021865855699210728,
    1.7245169689013466,
    0.7259832200276062,
    -0.5192978977352177,
    -1.441095604931612,
    -1.7485026301795084,
    -0.7809713611216705,
    -0.6271634884629522,
    1.7600851901629144,
    -0.23158379166092694,
    0.13986247890577033,
    -0.2807868105408733,
    -0.33268795026166414,
    -0.4346564225608107,
    0.35697562522461074,
    0.24598165390930926,
    0.5042914530668896,
    -0.010984815757425527,
    0.6251422885009039,
    0.23820228216961506,
    1.5453175149207061
  ],
  "c_imag": [
    -0.4728517488466633,
    1.2630218380291023,
    -0.7281443211953923,
    -0.5556741332952781,
    -1.320769712996797,
    -4.139267373560182,
    -0.35297142140272586,
    -0.58486351741648,
    -0.514901052616733,
    -0.9915420461838772,
    -0.8318848252037732,
    0.4970560103412917,
    0.02045509163688624,
    0.9131102945796793,
    -0.19469491893905833,
    0.4127013464239486,
    -0.2087538803462236,
    0.5699992342483451,
    0.8100667467956755,
    0.8839776026642685,
    0.8176536882966294
  ],
  "c_real": [
    -1.4309766761958496,
    -0.9427211869298635,
    -2.0060410074072568,
    -0.3489785360027027,
    1.3650525024343547,
    -0.8839795531509843,
    0.7820598984071117,
    0.08456793818072067,
    -0.2612618966757816,
    -0.11806867516276465,
    0.3142968481269974,
    -0.03831362595694146,
    0.502223097254027,
    0.6568104047658849,
    -1.004915366681033,
    0.13449254072270342,
    -0.7970043198085871,
    1.1460088813691427,
    -0.676165162320318,
    0.04705179769799505,
    -0.5979146829397857
  ],
  "calibration_sigmas": [
    2.5,
    3.3
  ],
  "calibration_standard_count": 4,
  "calibration_standards": [
    "open",
    "short",
    "match_sigma_2p5",
    "match_sigma_3p3"
  ],
  "error_db_max": -10.722901379019024,
  "error_db_rms": 37.445319296895114,
  "error_mag_max": 0.2909745003106246,
  "error_mag_rms": 0.05920472812167761,
  "error_uncal_db_max": 7.922470727304949,
  "error_uncal_db_rms": 4.852893232999381,
  "error_uncal_mag_max": 2.489565381896512,
  "error_uncal_mag_rms": 1.2585095773048665,
  "f0_hz": 5000000000.0,
  "fixture": "microstrip_lumped",
  "freq_hz": [
    4000000000.0,
    4100000000.0,
    4200000000.0,
    4300000000.0,
    4400000000.0,
    4500000000.0,
    4600000000.0,
    4700000000.0,
    4800000000.0,
    4900000000.0,
    5000000000.0,
    5100000000.0,
    5200000000.0,
    5300000000.0,
    5400000000.0,
    5500000000.0,
    5600000000.0,
    5700000000.0,
    5800000000.0,
    5900000000.0,
    6000000000.0
  ],
  "metric": "flux",
  "valid_count": 21,
  "valid_mask": [
    true,
    true,
    true,
    true,
    true,
    true,
    true,
    true,
    true,
    true,
    true,
    true,
    true,
    true,
    true,
    true,
    true,
    true,
    true,
    true,
    true
  ],
  "validation_error_db_max": 6.394826541517471,
  "validation_error_db_rms": 18.446817780472337,
  "validation_error_mag_max": 2.088052082298886,
  "validation_error_mag_rms": 0.49512527968703435,
  "validation_error_uncal_db_max": 3.835019795766019,
  "validation_error_uncal_db_rms": 4.0691021150537825,
  "validation_error_uncal_mag_max": 1.555073747658246,
  "validation_error_uncal_mag_rms": 0.9566171058446715,
  "validation_sigma": 6.7,
  "validation_sigma_in_calibration": false
}