{
  "backend": "gpu",
  "freq_hz": [
    100000000.0,
    198333333.3333333,
    296666666.6666666,
    395000000.0,
    493333333.3333333,
    591666666.6666666,
    690000000.0,
    788333333.3333333,
    886666666.6666666,
    985000000.0,
    1083333333.3333333,
    1181666666.6666665,
    1280000000.0,
    1378333333.3333333,
    1476666666.6666665,
    1575000000.0,
    1673333333.3333333,
    1771666666.6666665,
    1870000000.0,
    1968333333.3333333,
    2066666666.6666665,
    2165000000.0,
    2263333333.333333,
    2361666666.6666665,
    2400000000.0,
    2408000000.0,
    2416000000.0,
    2424000000.0,
    2432000000.0,
    2440000000.0,
    2448000000.0,
    2456000000.0,
    2460000000.0,
    2464000000.0,
    2472000000.0,
    2480000000.0,
    2558333333.333333,
    2656666666.6666665,
    2755000000.0,
    2853333333.333333,
    2951666666.6666665,
    3050000000.0,
    3148333333.333333,
    3246666666.6666665,
    3345000000.0,
    3443333333.333333,
    3541666666.6666665,
    3640000000.0,
    3738333333.333333,
    3836666666.6666665,
    3935000000.0,
    4033333333.333333,
    4131666666.6666665,
    4230000000.0,
    4328333333.333333,
    4426666666.666666,
    4525000000.0,
    4623333333.333333,
    4721666666.666666,
    4820000000.0,
    4918333333.333333,
    5016666666.666666,
    5115000000.0,
    5213333333.333333,
    5311666666.666666,
    5410000000.0,
    5508333333.333333,
    5606666666.666666,
    5705000000.0,
    5803333333.333333,
    5901666666.666666,
    6000000000.0
  ],
  "i_short_imag": [
    1.2690348376054318e-05,
    9.101146133616567e-06,
    -4.576451101456769e-06,
    -1.604990102350712e-05,
    2.9634617385454478e-05,
    2.6745005743578077e-05,
    -1.9948756380472334e-05,
    -2.9734300915151836e-05,
    4.498396592680365e-05,
    4.266369505785406e-05,
    -3.1962248613126576e-05,
    -4.00793127482757e-05,
    -6.273335893638433e-05,
    6.810877239331603e-05,
    4.817538138013333e-05,
    7.35130083208831e-05,
    -2.9177058604545894e-05,
    3.628827398642898e-05,
    3.7995594902895396e-05,
    -3.845651226583869e-05,
    -4.162778204772622e-05,
    4.2169776861555874e-05,
    3.908270737156272e-05,
    3.5620015114545826e-05,
    -3.2997544622048736e-05,
    -3.224217798560858e-05,
    -3.140043700113893e-05,
    -3.0467254691757262e-05,
    -2.9438419733196498e-05,
    -2.831087331287563e-05,
    -2.7082752785645427e-05,
    -2.5753545924089852e-05,
    -2.5051250122487546e-05,
    -2.4324140395037833e-05,
    -2.2796950361225754e-05,
    -2.117596450261772e-05,
    8.153839549068423e-06,
    -1.3582386600319296e-05,
    -2.5301353616669077e-07,
    -2.3515976499766113e-05,
    -1.5838375838939103e-05,
    -2.339980273973197e-05,
    -4.994974588043988e-05,
    -4.6864975593052806e-05,
    5.4870041756694377e-05,
    -6.674726792677814e-05,
    -6.042231107130647e-05,
    -1.90753533388488e-05,
    -5.8233152230968706e-06,
    3.1160147045738995e-05,
    -8.290373370982707e-05,
    -7.577301003038884e-05,
    -2.841383975464851e-05,
    6.713020623680096e-05,
    -6.443001329898834e-05,
    -7.232478237710893e-05,
    -7.63625357649289e-06,
    5.707876989617944e-05,
    -4.7704350436106324e-05,
    5.519680780707859e-06,
    -2.620377053972334e-05,
    -7.937819912044046e-06,
    2.9911486830571748e-05,
    -9.500868310370077e-06,
    -1.4924327842891216e-05,
    0.00021893694388508446,
    4.060721134012457e-06,
    -6.271940947044641e-06,
    -3.3506672480143608e-06,
    1.0119019134435804e-05,
    3.684059348451077e-05,
    8.471365617879201e-07
  ],
  "i_short_real": [
    4.3227063724771145e-05,
    3.422570298425853e-05,
    -4.084938846062869e-05,
    -4.863205249421299e-05,
    3.985240764450282e-05,
    2.7759576914831997e-05,
    -3.184511733707041e-05,
    -4.0237559005618095e-05,
    3.128662356175482e-05,
    1.5245878603309394e-05,
    -1.6922588110901417e-05,
    -2.882450935430825e-05,
    -2.0995004160795364e-05,
    -7.668000762350857e-06,
    -2.621199528221041e-05,
    -5.0834926889698906e-05,
    8.902751142159105e-06,
    -8.856074418872596e-06,
    -1.3976967602502555e-05,
    1.6596165369264782e-05,
    2.1283481328282508e-05,
    -3.018747374881059e-05,
    -3.8464387762360276e-05,
    -4.769567749463022e-05,
    5.259811878204346e-05,
    5.36833715159446e-05,
    5.477482336573303e-05,
    5.586364422924817e-05,
    5.694011924788356e-05,
    5.7993561495095494e-05,
    5.901277181692422e-05,
    5.998583510518074e-05,
    6.0451199533417825e-05,
    6.0900353128090506e-05,
    6.17440091446042e-05,
    6.25039974693209e-05,
    -0.00023249926850854482,
    -4.4066162081435324e-05,
    -2.4451655917800963e-05,
    3.7433189572766426e-05,
    7.2154012741521e-05,
    -8.261057664640249e-05,
    -5.8122130576521164e-05,
    -3.705161798279733e-05,
    4.281026831338647e-05,
    -2.5683348608680966e-05,
    1.1015977361239494e-05,
    2.3390154819935563e-05,
    1.6363599570468068e-05,
    5.367347039282322e-05,
    -2.6765267830342057e-05,
    3.0538919963873924e-05,
    3.867571649607271e-05,
    -7.488383341460962e-06,
    3.967082739109174e-06,
    6.411320646293461e-05,
    0.00010157818906009197,
    5.854468909092248e-05,
    1.0549683793215081e-05,
    2.4760348605923357e-05,
    8.928907482186332e-06,
    4.182474480335115e-05,
    3.943191725359952e-05,
    -6.518778391553536e-08,
    1.054123931680806e-05,
    -0.0005490221317262378,
    -2.8944943228302287e-05,
    1.6347576456610115e-05,
    2.515488595236093e-05,
    2.4535186821594837e-05,
    2.808843105244887e-05,
    4.905362220597454e-06
  ],
  "method": "thevenin",
  "model": "dir24_s15_gtrim_widefeed_f14_s2",
  "open_init": "empty",
  "open_run_id": "fbf280420410",
  "quality": "coarse",
  "short_init": "solid",
  "short_run_id": "2273ed560418",
  "v_open_imag": [
    0.013714516535401344,
    0.01375610288232565,
    0.0046744393184781075,
    -0.000275447906460613,
    0.0021483884193003178,
    0.0042203390039503574,
    0.00182664196472615,
    -0.0005160259315744042,
    0.0006283735856413841,
    0.0021030574571341276,
    0.0008934333454817533,
    -0.0007080056238919497,
    -5.509271431947127e-05,
    0.0011054351925849915,
    0.0003967062511947006,
    -0.0008352964068762958,
    -0.00043935669236816466,
    0.0005329499254003167,
    0.00011188721691723913,
    -0.0008847096469253302,
    -0.0006453527021221817,
    0.00019492600404191762,
    -4.230527702020481e-05,
    -0.0008729299297556281,
    -0.0009719081572256982,
    -0.0009665827383287251,
    -0.0009523416520096362,
    -0.0009294822230003774,
    -0.0008984342566691339,
    -0.0008597507257945836,
    -0.0008141028229147196,
    -0.0007622618577443063,
    -0.0007342860917560756,
    -0.0007050929125398397,
    -0.0006435370305553079,
    -0.0005785984103567898,
    1.6936915926635265e-05,
    -7.949861173983663e-05,
    -0.0007798792794346809,
    -0.0007248471956700087,
    -6.782986019970849e-05,
    -7.592407200718299e-05,
    -0.0006674281321465969,
    -0.0006549917161464691,
    -5.8777473896043375e-05,
    4.507055109570501e-06,
    -0.00050115748308599,
    -0.0005304138758219779,
    -1.0484783160791267e-05,
    6.708056025672704e-05,
    -0.0004016700549982488,
    -0.00045782956294715405,
    5.0800579629139975e-05,
    0.00020198921265546232,
    -0.00021343730622902513,
    -0.0003280498494859785,
    0.00010748965723905712,
    0.00027688153204508126,
    -0.00010353172547183931,
    -0.0002696127339731902,
    8.386463014176115e-05,
    0.0002371748851146549,
    -0.00011982154683209956,
    -0.000271285796770826,
    0.00013824869529344141,
    0.00040323971188627183,
    7.608748273923993e-05,
    -0.00022796541452407837,
    -2.5953462682082318e-05,
    0.00017425621626898646,
    -5.4933629144215956e-05,
    -0.0001993331388803199
  ],