{
  "a_imag": [
    NaN,
    NaN,
    -0.4954438217275654,
    0.6843834815549524,
    -0.04915093047164761,
    -0.011829615616256395,
    0.2717107842320331,
    0.034268173550434766,
    0.01932189254604083,
    -0.11418094332039469,
    0.029253782870549472
  ],
  "a_real": [
    NaN,
    NaN,
    1.120476590240111,
    0.8546392168756938,
    1.1507102664559838,
    1.0331692444686857,
    -0.8541658954823361,
    0.8952384249518267,
    1.0447863098843375,
    1.2500086003252693,
    0.981822863456877
  ],
  "b_imag": [
    NaN,
    NaN,
    0.3837955715488386,
    0.6780061602396382,
    0.49907164228344325,
    2.1451582496664137,
    0.41983707752402866,
    0.6378419014000823,
    -0.066387144193786,
    0.4334694193690457,
    0.5268481819856492
  ],
  "b_real": [
    NaN,
    NaN,
    2.574368775526719,
    -0.6546354470021155,
    0.06610685780606468,
    -1.0515184620457734,
    -1.587150851755598,
    -0.5086978197184285,
    -2.620014322335617,
    -0.33828137689099563,
    -1.1658231946148443
  ],
  "c_imag": [
    NaN,
    NaN,
    0.15923269481599067,
    0.8372060215704251,
    0.6472228657369136,
    2.1822861408388565,
    -0.6630059810623116,
    0.6136433501780268,
    -0.13992801868546992,
    0.14897802924116937,
    0.5318028890325166
  ],
  "c_real": [
    NaN,
    NaN,
    3.0851018559091647,
    -1.305029761825328,
    0.12116826012424217,
    -1.0471902732500618,
    1.695781885770555,
    -0.4468846611005084,
    -2.706564483586575,
    -0.33623458531730727,
    -1.1363640756249094
  ],
  "calibration_sigmas": [
    3.3
  ],
  "calibration_standard_count": 3,
  "calibration_standards": [
    "open",
    "short",
    "match_sigma_3p3"
  ],
  "error_db_max": -240.0,
  "error_db_rms": 240.0,
  "error_mag_max": 5.3751307568950885e-15,
  "error_mag_rms": 2.0496777793045034e-15,
  "error_uncal_db_max": 8.495855574130204,
  "error_uncal_db_rms": 5.440962110664889,
  "error_uncal_mag_max": 2.659455811872748,
  "error_uncal_mag_rms": 1.2902356530975172,
  "f0_hz": 5000000000.0,
  "fixture": "microstrip_msl",
  "freq_hz": [
    4000000000.0,
    4200000000.0,
    4400000000.0,
    4600000000.0,
    4800000000.0,
    5000000000.0,
    5200000000.0,
    5400000000.0,
    5600000000.0,
    5800000000.0,
    6000000000.0
  ],
  "metric": "thevenin",
  "valid_count": 9,
  "valid_mask": [
    false,
    false,
    true,
    true,
    true,
    true,
    true,
    true,
    true,
    true,
    true
  ]
}