{
  "backend": "gpu",
  "freq_hz": [
    100000000.0,
    198333333.3333333,
    296666666.6666666,
    395000000.0,
    493333333.3333333,
    591666666.6666666,
    690000000.0,
    788333333.3333333,
    886666666.6666666,
    985000000.0,
    1083333333.3333333,
    1181666666.6666665,
    1280000000.0,
    1378333333.3333333,
    1476666666.6666665,
    1575000000.0,
    1673333333.3333333,
    1771666666.6666665,
    1870000000.0,
    1968333333.3333333,
    2066666666.6666665,
    2165000000.0,
    2263333333.333333,
    2361666666.6666665,
    2400000000.0,
    2408000000.0,
    2416000000.0,
    2424000000.0,
    2432000000.0,
    2440000000.0,
    2448000000.0,
    2456000000.0,
    2460000000.0,
    2464000000.0,
    2472000000.0,
    2480000000.0,
    2558333333.333333,
    2656666666.6666665,
    2755000000.0,
    2853333333.333333,
    2951666666.6666665,
    3050000000.0,
    3148333333.333333,
    3246666666.6666665,
    3345000000.0,
    3443333333.333333,
    3541666666.6666665,
    3640000000.0,
    3738333333.333333,
    3836666666.6666665,
    3935000000.0,
    4033333333.333333,
    4131666666.6666665,
    4230000000.0,
    4328333333.333333,
    4426666666.666666,
    4525000000.0,
    4623333333.333333,
    4721666666.666666,
    4820000000.0,
    4918333333.333333,
    5016666666.666666,
    5115000000.0,
    5213333333.333333,
    5311666666.666666,
    5410000000.0,
    5508333333.333333,
    5606666666.666666,
    5705000000.0,
    5803333333.333333,
    5901666666.666666,
    6000000000.0
  ],
  "i_short_imag": [
    -2.5040322725544684e-06,
    6.489414226962254e-06,
    -1.5772412007208916e-05,
    -1.3419834431260824e-05,
    9.95846203295514e-06,
    1.8251720757689326e-05,
    -2.8270730399526656e-05,
    -2.5823534815572203e-05,
    2.0309021056164057e-05,
    2.8026927611790598e-05,
    -4.13719448260963e-05,
    -4.166714497841895e-05,
    0.00015532734203320536,
    2.912434989644927e-05,
    4.5714523611505896e-05,
    -3.144389484077692e-05,
    -2.7417350793257356e-05,
    3.3307503326796e-05,
    4.247532633598894e-05,
    -3.872156938284555e-05,
    -2.237408916698769e-05,
    2.2897427686980836e-05,
    2.734897134359926e-05,
    -4.973056367344722e-05,
    -2.308089315192774e-05,
    -2.2160445223562422e-05,
    -2.123080921592191e-05,
    -2.030628820648417e-05,
    -1.9401217286940664e-05,
    -1.8529513909015805e-05,
    -1.77046749740839e-05,
    -1.6939311171881856e-05,
    -1.6582602984271944e-05,
    -1.624503202037886e-05,
    -1.5632314898539335e-05,
    -1.5110149979591371e-05,
    -1.5471666119992734e-05,
    2.2114870080258698e-05,
    1.5252506262417353e-05,
    -0.0005027399311110123,
    0.00010065110369255248,
    -6.815338970999674e-06,
    1.1343271580699367e-06,
    0.00016199477032964542,
    0.00011751568233906,
    -0.0001351152345004037,
    -3.4920038881912776e-05,
    -4.388935352672311e-05,
    4.58359019830823e-05,
    0.0002229382755994778,
    -5.2250978733438814e-05,
    -8.368338662091353e-05,
    -0.00020445868493869663,
    -0.00027886528977267503,
    -6.246942650314712e-06,
    8.294788621813259e-05,
    -5.4612805466144945e-05,
    1.4260827848758658e-05,
    -5.0247157127097895e-05,
    -1.08380924019764e-06,
    2.198468112839675e-05,
    -1.4990020838665031e-05,
    2.4965226547343004e-05,
    1.211723305850865e-06,
    1.5262993089212068e-05,
    1.2608587043794664e-05,
    6.638919148826972e-06,
    -5.571139627136291e-06,
    1.1770717050778414e-06,
    9.537991889926416e-06,
    -4.494953679363287e-06,
    1.3966719538825598e-05
  ],
  "i_short_real": [
    3.281401004642248e-05,
    3.8231816142797476e-05,
    -3.1876802677288654e-05,
    -2.4566243519075217e-05,
    2.8669374296441676e-05,
    3.391228965483606e-05,
    -2.6830451679416002e-05,
    -1.71721912920475e-05,
    2.0040321396663787e-05,
    2.6625191094353798e-05,
    -1.9251253979746254e-05,
    -3.4502918424550444e-06,
    -1.083147820454962e-05,
    1.4966406581674503e-06,
    -6.936499809164567e-08,
    5.951057755737566e-06,
    4.635977529687807e-06,
    -1.3775504157820253e-06,
    -1.0947082046186551e-05,
    2.797144271330821e-05,
    2.918716345448047e-05,
    -2.409744196431058e-05,
    -2.0765222143381837e-05,
    5.989331630423122e-05,
    3.554806171450764e-05,
    3.591971471905708e-05,
    3.618725168053061e-05,
    3.6350692971609534e-05,
    3.641187213361264e-05,
    3.637449408415705e-05,
    3.624410019256175e-05,
    3.602799843065441e-05,
    3.589059342630208e-05,
    3.573518188204616e-05,
    3.5376151208765806e-05,
    3.4962742938660084e-05,
    3.1023271731100976e-05,
    -3.8766788202337926e-05,
    -7.350239127693602e-05,
    -0.001894665286631413,
    0.00013571105910937094,
    -2.4157142698313926e-05,
    -4.4052593875676396e-05,
    0.0003821549349553311,
    8.587926773898372e-05,
    -2.5605458790781654e-05,
    -1.1685142955163797e-05,
    -3.801863712423745e-05,
    1.9546484691090885e-05,
    1.073038127123264e-05,
    -6.14505414816515e-06,
    -2.069558066951452e-05,
    3.7466818990954e-05,
    0.0002980112280591507,
    0.0002763531311769676,
    8.175128879701603e-05,
    1.4725790751105949e-05,
    1.6471594550140984e-05,
    3.770892960168942e-05,
    4.7547277018987926e-05,
    2.5208950363014193e-05,
    5.357588940597764e-05,
    -3.5261254730906805e-05,
    2.6193226063725924e-05,
    1.7747305268323093e-05,
    6.589056346614584e-06,
    -5.481340122059919e-06,
    1.4353387814480812e-05,
    2.0211841297116326e-05,
    4.09934479298963e-05,
    -2.193755106016903e-05,
    3.875628831211154e-05
  ],
  "method": "thevenin",
  "model": "dir24_long_port0_gtrim_nostub",
  "open_init": "empty",
  "open_run_id": "b39dd561fed7",
  "quality": "coarse",
  "short_init": "solid",
  "short_run_id": "da7d8930533f",
  "v_open_imag": [
    0.015613920986652374,
    0.01566992700099945,
    0.005333911161869764,
    -0.00031231134198606014,
    0.002439812757074833,
    0.00480771716684103,
    0.002090544207021594,
    -0.0005850874003954232,
    0.0007088463753461838,
    0.0023953330237418413,
    0.001027277554385364,
    -0.0008032832411117852,
    -6.984877109061927e-05,
    0.0012574803549796343,
    0.0004598836530931294,
    -0.0009489611256867647,
    -0.0005081088747829199,
    0.0006032616947777569,
    0.0001305649639107287,
    -0.001012573135085404,
    -0.0007498211925849319,
    0.0002152014203602448,
    -4.275012179277837e-05,
    -0.0009942426113411784,
    -0.0011123813455924392,
    -0.0011074114590883255,
    -0.0010922388173639774,
    -0.001067187637090683,
    -0.0010327330091968179,
    -0.000989493913948536,
    -0.0009382244315929711,
    -0.0008797950576990843,
    -0.0008481974364258349,
    -0.0008151846122927964,
    -0.0007454616134054959,
    -0.0006717671058140695,
    9.072549801203422e-06,
    -9.770340693648905e-05,
    -0.000906800851225853,
    -0.0008489192696288228,
    -7.914578600320965e-05,
    -7.126150740077719e-05,
    -0.0007652377244085073,
    -0.0007778371218591928,
    -8.675260323798284e-05,
    9.421391041541938e-06,
    -0.0005845798877999187,
    -0.0006527621881105006,
    -4.0538165194448084e-05,
    0.00011024394916603342,
    -0.0004071865405421704,
    -0.0005189465009607375,
    2.8638052754104137e-05,
    0.00022398711007554084,
    -0.00023157332907430828,
    -0.00038839378976263106,
    9.065244375960901e-05,
    0.00031334333471022546,
    -9.241525549441576e-05,
    -0.0002870304451789707,
    0.0001372057740809396,
    0.0003923696931451559,
    3.309375824755989e-05,
    -0.00021105447376612574,
    0.00013482912618201226,
    0.0003986455558333546,
    8.326107490574941e-05,
    -0.00018789952446240932,
    0.00011193077079951763,
    0.0004135592607781291,
    0.00015741147217340767,
    -0.00015732315659988672
  ],