{
  "backend": "gpu",
  "freq_hz": [
    100000000.0,
    198333333.3333333,
    296666666.6666666,
    395000000.0,
    493333333.3333333,
    591666666.6666666,
    690000000.0,
    788333333.3333333,
    886666666.6666666,
    985000000.0,
    1083333333.3333333,
    1181666666.6666665,
    1280000000.0,
    1378333333.3333333,
    1476666666.6666665,
    1575000000.0,
    1673333333.3333333,
    1771666666.6666665,
    1870000000.0,
    1968333333.3333333,
    2066666666.6666665,
    2165000000.0,
    2263333333.333333,
    2361666666.6666665,
    2400000000.0,
    2408000000.0,
    2416000000.0,
    2424000000.0,
    2432000000.0,
    2440000000.0,
    2448000000.0,
    2456000000.0,
    2460000000.0,
    2464000000.0,
    2472000000.0,
    2480000000.0,
    2558333333.333333,
    2656666666.6666665,
    2755000000.0,
    2853333333.333333,
    2951666666.6666665,
    3050000000.0,
    3148333333.333333,
    3246666666.6666665,
    3345000000.0,
    3443333333.333333,
    3541666666.6666665,
    3640000000.0,
    3738333333.333333,
    3836666666.6666665,
    3935000000.0,
    4033333333.333333,
    4131666666.6666665,
    4230000000.0,
    4328333333.333333,
    4426666666.666666,
    4525000000.0,
    4623333333.333333,
    4721666666.666666,
    4820000000.0,
    4918333333.333333,
    5016666666.666666,
    5115000000.0,
    5213333333.333333,
    5311666666.666666,
    5410000000.0,
    5508333333.333333,
    5606666666.666666,
    5705000000.0,
    5803333333.333333,
    5901666666.666666,
    6000000000.0
  ],
  "i_short_imag": [
    -2.380936348345131e-06,
    6.484484038082883e-06,
    -1.564638805575669e-05,
    -1.3427746307570488e-05,
    1.0092996672028677e-05,
    1.8242299847770483e-05,
    -2.8124891105107964e-05,
    -2.5839754380285742e-05,
    2.0481247338466348e-05,
    2.8006979846395552e-05,
    -4.1152013000100855e-05,
    -4.168328596279025e-05,
    5.434493271833208e-05,
    2.906822483055294e-05,
    3.266129060648382e-05,
    -3.121729532722384e-05,
    -2.7544665499590337e-05,
    3.3265652018599215e-05,
    4.1899320785887545e-05,
    -3.691616875585169e-05,
    -2.319624472875148e-05,
    2.0451683667488396e-05,
    2.76130682323128e-05,
    3.745657878921796e-05,
    -2.1644959633704276e-05,
    -2.0713255798909815e-05,
    -1.9785140466410667e-05,
    -1.8874826491810384e-05,
    -1.7996292444877327e-05,
    -1.7163123993668707e-05,
    -1.6388231597375124e-05,
    -1.568358566146344e-05,
    -1.5361043915618213e-05,
    -1.5060065197758377e-05,
    -1.4527251187246294e-05,
    -1.4093246136326343e-05,
    -1.5523673209827393e-05,
    2.2968930716160687e-05,
    1.2322061229497196e-05,
    -0.00012888248625260633,
    2.4208283866755666e-05,
    -6.56358024571091e-06,
    -6.101085432419495e-08,
    -0.00017448435512348377,
    9.253135783406031e-05,
    -4.592641006465369e-05,
    -2.048925525741652e-05,
    -2.6426371186971666e-05,
    4.979369696229697e-05,
    6.115105184082505e-05,
    -3.859408025164157e-05,
    -5.0131679745391015e-05,
    -7.806497160345316e-05,
    -0.00011200352630083286,
    -3.818835746438685e-06,
    4.5967623009346426e-05,
    -3.218682541046292e-05,
    1.1650853411993013e-05,
    -2.358212077524513e-05,
    -1.0007597666117363e-06,
    1.207612149300985e-05,
    2.6377434563116898e-06,
    1.470804582786897e-05,
    2.5632559754740217e-07,
    9.584426152287051e-06,
    7.012006298241121e-06,
    7.2651462687645114e-06,
    -6.840895366622135e-06,
    7.380653187283315e-07,
    5.978487949433019e-06,
    -7.758268680667693e-06,
    5.8210920542478565e-06
  ],
  "i_short_real": [
    3.281092504039407e-05,
    3.8108689477667215e-05,
    -3.188421542290598e-05,
    -2.469697501510382e-05,
    2.8661920805461707e-05,
    3.377406392246485e-05,
    -2.684414794202894e-05,
    -1.7330596165265888e-05,
    2.0023909746669234e-05,
    2.6436604093760253e-05,
    -1.927796402014792e-05,
    -3.726381328306161e-06,
    -3.6795492958029376e-06,
    1.1345980965415948e-06,
    -2.8580427624547156e-07,
    5.784013774245978e-06,
    4.538232678896748e-06,
    -1.6497428077855149e-06,
    -1.0944129462586717e-05,
    2.606453490443528e-05,
    2.8312357608228924e-05,
    -2.0505013526417316e-05,
    -2.2260547848418358e-05,
    -4.852957829767811e-05,
    3.5842100623995064e-05,
    3.608092083595693e-05,
    3.621591604314745e-05,
    3.6248395917937164e-05,
    3.618137270677835e-05,
    3.6019762046635154e-05,
    3.577031602617353e-05,
    3.544142527971417e-05,
    3.5250242217443886e-05,
    3.504304913803935e-05,
    3.458662540651858e-05,
    3.408481716178358e-05,
    2.9847567202523353e-05,
    -3.841337747871876e-05,
    -5.7444564299657946e-05,
    -0.0004888139961450383,
    3.3052964136004447e-05,
    -2.3913427139632407e-05,
    -4.4815882574766874e-05,
    -0.0003755250937133281,
    6.1910102847655e-05,
    -6.681304656824288e-06,
    -9.815578960115091e-06,
    -2.92721699224785e-05,
    2.383547689532861e-05,
    1.3302889094282024e-06,
    1.2207802683406045e-06,
    -8.780536154517904e-06,
    1.4720602484885605e-05,
    0.00011664335415865184,
    9.095552709132276e-05,
    4.7368044033646586e-05,
    7.920950883999467e-06,
    1.3597801444120706e-05,
    1.7258073785342277e-05,
    3.0188050004653633e-05,
    1.3614784984383732e-05,
    1.2659146290046232e-05,
    -1.889487954500106e-05,
    1.973093749256805e-05,
    1.1416163761168719e-05,
    2.323667183211307e-06,
    -4.7045788960531356e-06,
    1.4763057697564365e-05,
    1.7513179045636207e-05,
    1.9780623929066118e-05,
    -2.60728317042029e-05,
    1.452274591429159e-05
  ],
  "method": "thevenin",
  "model": "dir24_long_port0_gtrim30",
  "open_init": "empty",
  "open_run_id": "51c436d790b8",
  "quality": "coarse",
  "short_init": "solid",
  "short_run_id": "e704cdada5c2",
  "v_open_imag": [
    0.015441030263900757,
    0.015480726957321167,
    0.0052531384862959385,
    -0.0003102846094407141,
    0.002425722312182188,
    0.004751158878207207,
    0.0020487115252763033,
    -0.0005817405181005597,
    0.0007154263439588249,
    0.002369609894230962,
    0.000998450443148613,
    -0.0007989351870492101,
    -5.376968329073861e-05,
    0.0012476861011236906,
    0.00043860310688614845,
    -0.000944091530982405,
    -0.00048616036656312644,
    0.0006044436013326049,
    0.00011504672147566453,
    -0.0010074583115056157,
    -0.0007242963765747845,
    0.00022380829614121467,
    -5.476843944052234e-05,
    -0.0009897894924506545,
    -0.0010960671352222562,
    -0.0010888224933296442,
    -0.0010715235257521272,
    -0.0010445264633744955,
    -0.001008335268124938,
    -0.0009635943570174277,
    -0.0009110788232646883,
    -0.0008516786620020866,
    -0.0008197032148018479,
    -0.0007863858481869102,
    -0.0007162787369452417,
    -0.0006425034371204674,
    2.506407690816559e-05,
    -0.00010556693450780585,
    -0.0009032943053171039,
    -0.000820204964838922,
    -6.031796874594875e-05,
    -7.951317093102261e-05,
    -0.0007662010611966252,
    -0.0007511943695135415,
    -6.586517702089623e-05,
    1.8958697864945862e-06,
    -0.0005873171030543745,
    -0.0006259331712499261,
    -1.937176966748666e-05,
    9.580995538271964e-05,
    -0.0004209799226373434,
    -0.000494708598125726,
    5.6773395044729114e-05,
    0.00021170637046452612,
    -0.0002545659663155675,
    -0.0003736838698387146,
    0.000115773975267075,
    0.00029486080165952444,
    -0.000130113068735227,
    -0.000282639724900946,
    0.00016528007108718157,
    0.00037762842839583755,
    -1.2100638741685543e-05,
    -0.0002176714624511078,
    0.0001531635207356885,
    0.0003582435310818255,
    -1.020118816086324e-05,
    -0.00023110884649213403,
    0.00014116520469542593,
    0.0004128070722799748,
    8.12652288004756e-05,
    -0.00022337917471304536
  ],