{
  "backend": "gpu",
  "freq_hz": [
    100000000.0,
    198333333.3333333,
    296666666.6666666,
    395000000.0,
    493333333.3333333,
    591666666.6666666,
    690000000.0,
    788333333.3333333,
    886666666.6666666,
    985000000.0,
    1083333333.3333333,
    1181666666.6666665,
    1280000000.0,
    1378333333.3333333,
    1476666666.6666665,
    1575000000.0,
    1673333333.3333333,
    1771666666.6666665,
    1870000000.0,
    1968333333.3333333,
    2066666666.6666665,
    2165000000.0,
    2263333333.333333,
    2361666666.6666665,
    2460000000.0,
    2558333333.333333,
    2656666666.6666665,
    2755000000.0,
    2853333333.333333,
    2951666666.6666665,
    3050000000.0,
    3148333333.333333,
    3246666666.6666665,
    3345000000.0,
    3443333333.333333,
    3541666666.6666665,
    3640000000.0,
    3738333333.333333,
    3836666666.6666665,
    3935000000.0,
    4033333333.333333,
    4131666666.6666665,
    4230000000.0,
    4328333333.333333,
    4426666666.666666,
    4525000000.0,
    4623333333.333333,
    4721666666.666666,
    4820000000.0,
    4918333333.333333,
    5016666666.666666,
    5115000000.0,
    5150000000.0,
    5213333333.333333,
    5220000000.0,
    5290000000.0,
    5311666666.666666,
    5360000000.0,
    5410000000.0,
    5430000000.0,
    5500000000.0,
    5508333333.333333,
    5570000000.0,
    5606666666.666666,
    5640000000.0,
    5705000000.0,
    5710000000.0,
    5780000000.0,
    5803333333.333333,
    5850000000.0,
    5901666666.666666,
    6000000000.0
  ],
  "i_short_imag": [
    1.2226901890244336e-05,
    2.2590979642700405e-05,
    3.0507426708936693e-05,
    3.640356299001724e-05,
    4.169319290667773e-05,
    -4.802871553692967e-05,
    -5.6414830032736064e-05,
    -6.663796375505626e-05,
    -7.731399964541198e-05,
    -8.655090932734311e-05,
    9.290483430959285e-05,
    9.614257724024356e-05,
    9.73943853750825e-05,
    9.856877150014043e-05,
    0.00010127167915925385,
    -0.00010574318002909422,
    -0.00011037091026082635,
    -0.00011210063239559532,
    -0.00010766190243884922,
    -0.0007141540902138263,
    7.507780683226884e-05,
    5.08846715092659e-05,
    2.7718592900782826e-05,
    1.0747174383141101e-05,
    3.113149796263315e-06,
    5.1199019678673955e-06,
    -1.8115775103662293e-05,
    -1.7262536857742816e-05,
    -1.630928018130362e-05,
    -4.5157637941883875e-06,
    -1.8266408005729318e-05,
    -4.823426133953035e-05,
    -7.888146210461856e-05,
    -0.00010318949352949858,
    -0.00011593092931434513,
    -0.00011524729197844864,
    -0.0001247045414730427,
    -0.00015233537703142577,
    -0.00019984235537439418,
    -0.00022774769880988313,
    -8.137480709979605e-05,
    -3.1488496460951865e-05,
    -3.26070177834481e-05,
    -3.6501276190392674e-05,
    -4.098795761819929e-05,
    -5.941654788692757e-05,
    0.00026820795795547467,
    7.047405904592832e-05,
    5.883596153143299e-05,
    0.00010005085121768125,
    -8.010325750191434e-05,
    -3.570915723685175e-05,
    -3.3043723669834434e-05,
    -2.7724579558707775e-05,
    -2.7136749122291806e-05,
    -2.0815499010495844e-05,
    -1.8854015797842295e-05,
    -1.459591876482591e-05,
    -1.051353756338358e-05,
    -9.011283691506834e-06,
    -4.504122625803575e-06,
    -4.053808152093552e-06,
    -1.7829160226053406e-06,
    -4.793488565425776e-07,
    2.377416607265603e-06,
    -5.839756462042488e-06,
    -5.235285061952776e-06,
    -2.228452808589433e-06,
    -1.8677656436333745e-06,
    -1.502276878026054e-06,
    -1.7114134411115364e-06,
    6.209800549253537e-06
  ],
  "i_short_real": [
    9.388535981997849e-05,
    8.976457756944002e-05,
    8.466948638670148e-05,
    8.023991831578315e-05,
    7.737638079561294e-05,
    -7.575924973934889e-05,
    -7.399144233204425e-05,
    -7.030442357063294e-05,
    -6.347830640152097e-05,
    -5.350401625037193e-05,
    4.16320632211864e-05,
    2.975061652250588e-05,
    1.9378302386030555e-05,
    1.077683555195108e-05,
    2.6644345780368897e-06,
    7.25382924429141e-06,
    2.1116010611876848e-05,
    3.960858448408544e-05,
    6.117676966823638e-05,
    0.0006170838470057642,
    -9.81303513981402e-05,
    -0.00010532629676163197,
    -0.00010261537972837687,
    -9.21019702218473e-05,
    -7.866164669394493e-05,
    -7.669069608244483e-05,
    0.00010551942659820547,
    7.301802397705615e-05,
    8.783092489466071e-05,
    0.00010482155485078693,
    -0.000117133476305753,
    -0.00011888539884239436,
    -0.00010724208550527692,
    -8.337691542692482e-05,
    -5.20095054525882e-05,
    -1.97511151782237e-05,
    8.566115837307947e-06,
    4.422325191473309e-05,
    9.782850982730398e-05,
    0.00014227257608447262,
    4.98947746550476e-05,
    1.3667369785252959e-05,
    7.566579006379471e-06,
    4.916978286928498e-06,
    5.705055082216859e-06,
    1.2072161580897151e-05,
    -8.014515189104674e-05,
    -2.9327933927541634e-05,
    -3.282974260492962e-05,
    -7.373896719575023e-05,
    7.826120428989942e-05,
    4.720254801213742e-05,
    4.9062265316024425e-05,
    5.167872295714915e-05,
    5.189084331505001e-05,
    5.331684951670468e-05,
    5.345361423678697e-05,
    5.324794910848141e-05,
    5.2348570898175245e-05,
    5.1818048814311626e-05,
    4.938077763654292e-05,
    4.904662491753698e-05,
    6.220802400802454e-05,
    9.92994671948516e-05,
    0.00021029900873709346,
    -0.0002057675529757377,
    -0.0001805807355976559,
    -7.390752760375198e-05,
    -6.506622430379927e-05,
    -5.786003783902742e-05,
    -6.380314450324859e-05,
    0.00012153338642301428
  ],
  "method": "thevenin",
  "model": "dir5_port0_gtrim_widefeed",
  "open_init": "empty",
  "open_run_id": "eef4b2a0d110",
  "quality": "coarse",
  "short_init": "solid",
  "short_run_id": "37baf5c9eb15",
  "v_open_imag": [
    0.008981403894722462,
    0.01553303748369217,
    0.01833052933216095,
    0.01710338704288006,
    0.012807234190404415,
    0.007206402253359556,
    0.0021996244322508574,
    -0.0008444103295914829,
    -0.0014932957710698247,
    -0.0002668689703568816,
    0.0017071472248062491,
    0.003227926092222333,
    0.0035153618082404137,
    0.002468898892402649,
    0.0006115534924902022,
    -0.0012225673999637365,
    -0.0022968463599681854,
    -0.0022910095285624266,
    -0.0014007051941007376,
    -0.00019596132915467024,
    0.0006752799963578582,
    0.0007911143475212157,
    0.00012897713168058544,
    -0.0009594628354534507,
    -0.001944090356118977,
    -0.0023792048450559378,
    -0.002106867963448167,
    -0.0013106003170832992,
    -0.00040493521373718977,
    0.00017640796431805938,
    0.00018763868138194084,
    -0.0003239645448047668,
    -0.0010585379786789417,
    -0.0016223392449319363,
    -0.001723023015074432,
    -0.001306836144067347,
    -0.0005753344157710671,
    0.00012074576807208359,
    0.00045462229172699153,
    0.00027862153365276754,
    -0.00031131788273341954,
    -0.0010283850133419037,
    -0.0015350058674812317,
    -0.0016006454825401306,
    -0.0012024285970255733,
    -0.000524189614225179,
    0.00014051176549401134,
    0.000530915567651391,
    0.0005375563050620258,
    0.00024214635777752846,
    -0.0001357189757982269,
    -0.00035451818257570267,
    -0.00036198770976625383,
    -0.0002704791259020567,
    -0.00025332547375001013,
    -1.7025248553181882e-06,
    9.6781128377188e-05,
    0.0003342902928125113,
    0.0005817009368911386,
    0.0006743521080352366,
    0.0009377656388096511,
    0.0009608540567569435,
    0.0010641776025295258,
    0.0010656820377334952,
    0.0010285991011187434,
    0.000863854365888983,
    0.000846977171022445,
    0.0005711971898563206,
    0.0004708256456069648,
    0.0002750384737737477,
    8.85919580468908e-05,
    -9.576785669196397e-05
  ],