{
  "backend": "gpu",
  "freq_hz": [
    100000000.0,
    198333333.3333333,
    296666666.6666666,
    395000000.0,
    493333333.3333333,
    591666666.6666666,
    690000000.0,
    788333333.3333333,
    886666666.6666666,
    985000000.0,
    1083333333.3333333,
    1181666666.6666665,
    1280000000.0,
    1378333333.3333333,
    1476666666.6666665,
    1575000000.0,
    1673333333.3333333,
    1771666666.6666665,
    1870000000.0,
    1968333333.3333333,
    2066666666.6666665,
    2165000000.0,
    2263333333.333333,
    2361666666.6666665,
    2400000000.0,
    2408000000.0,
    2416000000.0,
    2424000000.0,
    2432000000.0,
    2440000000.0,
    2448000000.0,
    2456000000.0,
    2460000000.0,
    2464000000.0,
    2472000000.0,
    2480000000.0,
    2558333333.333333,
    2656666666.6666665,
    2755000000.0,
    2853333333.333333,
    2951666666.6666665,
    3050000000.0,
    3148333333.333333,
    3246666666.6666665,
    3345000000.0,
    3443333333.333333,
    3541666666.6666665,
    3640000000.0,
    3738333333.333333,
    3836666666.6666665,
    3935000000.0,
    4033333333.333333,
    4131666666.6666665,
    4230000000.0,
    4328333333.333333,
    4426666666.666666,
    4525000000.0,
    4623333333.333333,
    4721666666.666666,
    4820000000.0,
    4918333333.333333,
    5016666666.666666,
    5115000000.0,
    5213333333.333333,
    5311666666.666666,
    5410000000.0,
    5508333333.333333,
    5606666666.666666,
    5705000000.0,
    5803333333.333333,
    5901666666.666666,
    6000000000.0
  ],
  "i_short_imag": [
    4.113301712053268e-06,
    9.298035257789145e-06,
    -1.3807519742227045e-05,
    -1.792299652672988e-05,
    2.1873031384004067e-05,
    2.7121344711166245e-05,
    -2.986722778752779e-05,
    -3.45973197713592e-05,
    3.860323011034895e-05,
    4.45317677229574e-05,
    -4.0552692371420566e-05,
    -5.200769403905825e-05,
    -8.639466351134266e-05,
    8.47207353352263e-05,
    9.200091178722836e-05,
    0.00027509143324972195,
    -2.6551797054708005e-05,
    3.779998223762959e-05,
    4.629682225640864e-05,
    -4.0864126640371984e-05,
    -3.560742770787329e-05,
    4.093663301318884e-05,
    5.168187672603195e-05,
    6.255201049507514e-05,
    0.00016631644672620194,
    0.0007835505780558604,
    -0.00019436193307099787,
    -7.243428681600632e-05,
    -3.933946545477967e-05,
    -2.445430410555747e-05,
    -1.63013786189725e-05,
    -1.2125889043090865e-05,
    -1.1820486543001607e-05,
    -1.1550664203241469e-05,
    -1.111873280024156e-05,
    -1.0830942483153195e-05,
    -9.1400872151148e-05,
    2.2608615108765664e-05,
    1.7786663782864573e-05,
    -3.455984187894501e-06,
    -4.970933272261636e-06,
    5.529825063718317e-06,
    -3.621513525253985e-05,
    -0.00015256512772905814,
    -0.0004238657571258881,
    -0.00010855487772253958,
    -9.304381819674745e-06,
    5.032323425771504e-05,
    4.3021482997573916e-05,
    5.287731167662117e-05,
    -5.685406903195833e-05,
    -0.00012978296882807113,
    -0.000332758731527438,
    -0.001726962933490254,
    -2.029628958553076e-05,
    -6.929330993443727e-05,
    -0.003655512246534462,
    0.007086162214295434,
    5.313029633095796e-05,
    0.00035995373404312586,
    0.000164168217269233,
    1.699451621054689e-05,
    4.454223342073855e-05,
    -4.109847802963003e-06,
    6.210934483866291e-05,
    5.5346663762425166e-05,
    0.00041391140686624706,
    7.930964547499802e-05,
    7.507640211833826e-05,
    5.961061618671843e-05,
    4.595723060256854e-05,
    0.000128548818400464
  ],
  "i_short_real": [
    4.479741054871799e-05,
    4.559883387617562e-05,
    -4.302235642629489e-05,
    -4.212031549680897e-05,
    4.043025876393416e-05,
    3.927687063866482e-05,
    -3.511726654319299e-05,
    -3.4115090823241554e-05,
    3.049745971366623e-05,
    2.688275736197852e-05,
    -2.0512600895017388e-05,
    -2.3883453024812452e-05,
    -2.4796976151719438e-05,
    -1.3774171433555306e-06,
    -3.4668693172573066e-05,
    -0.00017766861146801695,
    7.835256110411138e-06,
    -2.178929753426928e-06,
    -1.2981597683392466e-05,
    2.3695931304246187e-05,
    2.3162802972365173e-05,
    -2.4962457246147096e-05,
    -4.853028644820054e-05,
    -0.00011826651555328601,
    -0.00042815460457231374,
    -0.002149365280960152,
    0.0005671428876438347,
    0.00022423609606430663,
    0.00012870792230069186,
    8.411647804107745e-05,
    5.855436210153775e-05,
    4.510237195063383e-05,
    4.457603208720684e-05,
    4.404300998430699e-05,
    4.296525148674846e-05,
    4.188592138234526e-05,
    0.00021659521381329924,
    -4.096996563021094e-05,
    -6.090668384163402e-05,
    5.2904943004250526e-05,
    5.125125082957931e-05,
    -7.664458774257043e-05,
    -0.00012618747631202453,
    -0.00015227988553834524,
    -0.00011151457006709505,
    3.063499125392547e-06,
    -2.2153899772092702e-05,
    8.142265867578467e-05,
    3.227587149012834e-05,
    3.3859538230682566e-05,
    -4.7372883716338855e-05,
    -5.346763091161206e-05,
    4.560203670337042e-05,
    0.0013661995306509757,
    2.9332466510823e-06,
    -3.571557463146746e-05,
    0.0004925958115617981,
    -0.00809132649523324,
    0.0012491708231677382,
    0.0003135289481838233,
    -3.754626085368927e-05,
    7.170397115906834e-05,
    -2.7618930512088506e-05,
    0.00012260333558727072,
    7.712635979019295e-05,
    3.3022164468271416e-05,
    0.0007286436572781096,
    0.00010102112591250946,
    3.0564099750373835e-05,
    -6.723107140513295e-06,
    -5.115584590317513e-06,
    6.929423322017735e-05
  ],
  "method": "thevenin",
  "model": "dir24_s15_gtrim_widefeed_f10_s0",
  "open_init": "empty",
  "open_run_id": "4f0fdc356c4d",
  "quality": "coarse",
  "short_init": "solid",
  "short_run_id": "adec4fa58adc",
  "v_open_imag": [
    0.017941689118742943,
    0.01799832656979561,
    0.006118769757449627,
    -0.0003585226077120751,
    0.00281138950958848,
    0.005524188280105591,
    0.0023942755069583654,
    -0.0006722735706716776,
    0.0008234779234044254,
    0.0027544936165213585,
    0.0011731665581464767,
    -0.0009240779909305274,
    -7.162017573136836e-05,
    0.0014478368684649467,
    0.0005209092632867396,
    -0.001093490980565548,
    -0.000577070692088455,
    0.0006951922550797462,
    0.000141205353429541,
    -0.0011686175130307674,
    -0.0008561775321140885,
    0.0002484477881807834,
    -6.074442353565246e-05,
    -0.0011533602373674512,
    -0.0012850421480834484,
    -0.0012784197460860014,
    -0.0012600874761119485,
    -0.0012304328847676516,
    -0.00119001732673496,
    -0.0011395657202228904,
    -0.0010799573501572013,
    -0.0010122036328539252,
    -0.0009756228537298739,
    -0.0009374406654387712,
    -0.0008569040801376104,
    -0.000771912862546742,
    7.552700481028296e-06,
    -0.00012496970884967595,
    -0.0010524612152948976,
    -0.0009768095333129168,
    -9.681086521595716e-05,
    -9.911438246490434e-05,
    -0.0008912766352295876,
    -0.0008907065493986011,
    -9.888094791676849e-05,
    -3.623584234446753e-06,
    -0.0006858224514871836,
    -0.0007508615381084383,
    -5.0675287639023736e-05,
    0.00010534030298003927,
    -0.0004868730320595205,
    -0.0005930971237830818,
    4.135867129662074e-05,
    0.00024874048540368676,
    -0.00027738892822526395,
    -0.00043717335211113095,
    0.00012056719424435869,
    0.00036034578806720674,
    -0.00010961782390950248,
    -0.00031590007711201906,
    0.00016996136400848627,
    0.0004351379757281393,
    1.996991159103345e-05,
    -0.0002189203369198367,
    0.00020700371533166617,
    0.0004928705166094005,
    0.00011828898277599365,
    -0.00016731052892282605,
    0.00018556993745733052,
    0.000487145793158561,
    0.00016745991888456047,
    -0.00014075149374548346
  ],