{
  "a_imag": [
    -0.22539084329268877,
    -0.25542338516749075,
    0.15650349175284628,
    -0.030190375038849915,
    0.5004718178930696,
    -0.08873916569592766,
    0.08887916518603395
  ],
  "a_real": [
    -0.33343966158951344,
    0.9772398671209661,
    0.4283941655644551,
    1.056918927166478,
    0.836639631753082,
    0.7795115221930937,
    0.9009512156967662
  ],
  "b_imag": [
    -0.7058315174197473,
    -1.6187632793745967,
    -0.5644656556529237,
    -0.23497277362501373,
    1.5386481790896327,
    0.13129357561612265,
    0.5439181624590473
  ],
  "b_real": [
    -0.2594211461597832,
    0.7222669482563737,
    0.6928194304410134,
    0.8841879247424643,
    -0.14340624746551434,
    -3.391145987971849,
    0.07050355545233018
  ],
  "c_imag": [
    0.17506479890045243,
    -1.7367136749308962,
    -0.29423239062904893,
    -0.22928505507201147,
    1.4188115501447673,
    0.37497534572859226,
    0.6099349853558605
  ],
  "c_real": [
    -0.7469893826621081,
    0.5354312343928345,
    0.16480280035077968,
    0.9390564274737723,
    -0.8115664339216815,
    -2.972126364721837,
    0.19406888319102833
  ],
  "calibration_sigmas": [
    3.3
  ],
  "calibration_standard_count": 3,
  "calibration_standards": [
    "open",
    "short",
    "match_sigma_3p3"
  ],
  "error_db_max": -240.0,
  "error_db_rms": 240.0,
  "error_mag_max": 3.847552536032808e-15,
  "error_mag_rms": 1.2655302767125796e-15,
  "error_uncal_db_max": 11.89419117477133,
  "error_uncal_db_rms": 5.54630500647173,
  "error_uncal_mag_max": 3.9328697064416103,
  "error_uncal_mag_rms": 1.4234069076694613,
  "f0_hz": 5000000000.0,
  "fixture": "microstrip_lumped",
  "freq_hz": [
    4000000000.0,
    4333333333.333333,
    4666666666.666667,
    5000000000.0,
    5333333333.333333,
    5666666666.666666,
    6000000000.0
  ],
  "metric": "thevenin",
  "valid_count": 7,
  "valid_mask": [
    true,
    true,
    true,
    true,
    true,
    true,
    true
  ],
  "validation_error_db_max": -5.961268304022908,
  "validation_error_db_rms": 20.001392820582733,
  "validation_error_mag_max": 0.5034270935518955,
  "validation_error_mag_rms": 0.249460511319531,
  "validation_error_uncal_db_max": -0.32613988094126634,
  "validation_error_uncal_db_rms": 3.8763957796384103,
  "validation_error_uncal_mag_max": 0.9631479529902577,
  "validation_error_uncal_mag_rms": 0.7995910390382397,
  "validation_sigma": 6.7,
  "validation_sigma_in_calibration": false
}