{
  "backend": "gpu",
  "freq_hz": [
    100000000.0,
    198333333.3333333,
    296666666.6666666,
    395000000.0,
    493333333.3333333,
    591666666.6666666,
    690000000.0,
    788333333.3333333,
    886666666.6666666,
    985000000.0,
    1083333333.3333333,
    1181666666.6666665,
    1280000000.0,
    1378333333.3333333,
    1476666666.6666665,
    1575000000.0,
    1673333333.3333333,
    1771666666.6666665,
    1870000000.0,
    1968333333.3333333,
    2066666666.6666665,
    2165000000.0,
    2263333333.333333,
    2361666666.6666665,
    2400000000.0,
    2408000000.0,
    2416000000.0,
    2424000000.0,
    2432000000.0,
    2440000000.0,
    2448000000.0,
    2456000000.0,
    2460000000.0,
    2464000000.0,
    2472000000.0,
    2480000000.0,
    2558333333.333333,
    2656666666.6666665,
    2755000000.0,
    2853333333.333333,
    2951666666.6666665,
    3050000000.0,
    3148333333.333333,
    3246666666.6666665,
    3345000000.0,
    3443333333.333333,
    3541666666.6666665,
    3640000000.0,
    3738333333.333333,
    3836666666.6666665,
    3935000000.0,
    4033333333.333333,
    4131666666.6666665,
    4230000000.0,
    4328333333.333333,
    4426666666.666666,
    4525000000.0,
    4623333333.333333,
    4721666666.666666,
    4820000000.0,
    4918333333.333333,
    5016666666.666666,
    5115000000.0,
    5213333333.333333,
    5311666666.666666,
    5410000000.0,
    5508333333.333333,
    5606666666.666666,
    5705000000.0,
    5803333333.333333,
    5901666666.666666,
    6000000000.0
  ],
  "i_short_imag": [
    1.6379999578930438e-06,
    6.769518950022758e-06,
    -1.1795385216828437e-05,
    -1.3104268873576075e-05,
    1.4300772454589607e-05,
    1.9263992726337165e-05,
    -2.425564453005791e-05,
    -2.4782810942269862e-05,
    2.467822632752359e-05,
    2.973864320665598e-05,
    -3.6849046591669324e-05,
    -3.836650575976819e-05,
    0.00013926272501254473,
    3.051872772630304e-05,
    3.0312783201225103e-05,
    -3.118497261311859e-05,
    -3.2454798929393296e-05,
    3.5043005482293665e-05,
    3.636233159340918e-05,
    -3.296203503850848e-05,
    -2.7215052978135648e-05,
    2.438060473650694e-05,
    2.432501205476001e-05,
    -2.30232224566862e-05,
    -2.1998948068358007e-05,
    -2.17774577322416e-05,
    -2.1558535809163005e-05,
    -2.1344552806112915e-05,
    -2.1137576550245288e-05,
    -2.0939634123351428e-05,
    -2.075254451483488e-05,
    -2.0577863324433565e-05,
    -2.0495573699008675e-05,
    -2.0416844927240165e-05,
    -2.027045557042584e-05,
    -2.0139313710387798e-05,
    -1.95347165572457e-05,
    1.7862545792013407e-05,
    1.0188663873123005e-05,
    1.5488458302570507e-06,
    8.31397483125329e-06,
    -6.581727939192206e-06,
    -4.2679232137743385e-06,
    1.0670119081623852e-05,
    2.4123665934894237e-05,
    -3.3640116824930504e-05,
    -2.8594202012754978e-05,
    -2.646857829360595e-05,
    2.142081502825022e-05,
    4.219153779558838e-05,
    -5.950442864559591e-05,
    -4.979355144314468e-05,
    -0.0002301643790147518,
    3.553087590262294e-05,
    -8.238223963417113e-05,
    -0.00011270316317677498,
    -7.356068235822023e-05,
    7.62495482680706e-06,
    -0.0005250405498344721,
    -4.748917943633459e-06,
    4.9314787611365324e-05,
    0.00012280248268247736,
    3.029217673276342e-05,
    7.492661864962101e-05,
    5.167159829031474e-05,
    2.9264530068867935e-05,
    1.8738452325789314e-05,
    3.6840068787569184e-06,
    5.657059227814898e-06,
    1.9431320773760467e-05,
    5.751041416800052e-05,
    -0.0006523162334877727
  ],
  "i_short_real": [
    3.333849599584937e-05,
    3.459886938799173e-05,
    -3.198347694706172e-05,
    -2.909601025748998e-05,
    2.9663630994036796e-05,
    3.002826124429703e-05,
    -2.6060550590045752e-05,
    -2.1561713947448882e-05,
    2.1543161710724235e-05,
    2.229168749181554e-05,
    -1.699138229014352e-05,
    -7.396443834295496e-06,
    4.618165135509022e-06,
    1.375988404106465e-07,
    3.3697858725645347e-08,
    1.398958465870237e-06,
    3.1415620469488204e-06,
    -6.376506644301117e-06,
    -1.3023194333072753e-05,
    2.0087181474082173e-05,
    2.281975030200556e-05,
    -2.2419430024456233e-05,
    -2.37942163948901e-05,
    2.727041719481349e-05,
    2.8431517421267927e-05,
    2.8637156356126072e-05,
    2.8830338851548732e-05,
    2.9011839069426062e-05,
    2.918273094110191e-05,
    2.9344536596909168e-05,
    2.9498894582502545e-05,
    2.9647906194441022e-05,
    2.972109359689057e-05,
    2.9793824069201946e-05,
    2.9939052183181047e-05,
    3.0086329206824303e-05,
    3.220672660972923e-05,
    -3.823184524662793e-05,
    -4.498227499425412e-05,
    4.497604095377028e-05,
    3.781969717238099e-05,
    -3.273019974585623e-05,
    -3.63671308150515e-05,
    4.338311264291406e-05,
    4.264746094122529e-05,
    -3.186972290601899e-05,
    -1.953243772732094e-05,
    -3.0410664687949692e-05,
    3.5023922100663186e-05,
    3.908496000804007e-05,
    -1.9471038831397892e-05,
    4.499516944633797e-06,
    -3.470215596436081e-06,
    2.8427538927644493e-05,
    -2.7775269700214267e-05,
    3.0321959638968113e-05,
    9.732107864692808e-05,
    0.00012647768541183628,
    -0.0004527393169681389,
    1.705060695212799e-05,
    -7.279305282281712e-06,
    -0.00016412951906084883,
    0.0008849842422078918,
    9.95492810930281e-05,
    2.2043218378567114e-05,
    1.1867622746186781e-06,
    2.1819552692231554e-06,
    9.975358261726797e-06,
    2.0335454610176385e-05,
    2.7793730331110173e-05,
    3.291706267262822e-05,
    -8.236653541657372e-05
  ],
  "method": "thevenin",
  "model": "dir24_long_port0_gtrim_shortfeed",
  "open_init": "empty",
  "open_run_id": "f4e9ed51132b",
  "quality": "coarse",
  "short_init": "solid",
  "short_run_id": "fc559e7395be",
  "v_open_imag": [
    0.01616886630654335,
    0.016217488795518875,
    0.005511010065674782,
    -0.0003229317953810096,
    0.0025358276907354593,
    0.0049778432585299015,
    0.002155094174668193,
    -0.0006056490237824619,
    0.000744736404158175,
    0.0024823108687996864,
    0.0010547054698690772,
    -0.0008326629176735878,
    -6.173297151690349e-05,
    0.001304910401813686,
    0.00046663376269862056,
    -0.000985583639703691,
    -0.0005170702934265137,
    0.0006265894044190645,
    0.00012345475261099637,
    -0.0010547070996835828,
    -0.0007693826919421554,
    0.00022399701992981136,
    -5.804143802379258e-05,
    -0.0010397700825706124,
    -0.001156332902610302,
    -0.001149970106780529,
    -0.0011330855777487159,
    -0.001106035546399653,
    -0.0010693323565647006,
    -0.001023634453304112,
    -0.0009697388159111142,
    -0.0009085620404221117,
    -0.000875560159329325,
    -0.0008411301532760262,
    -0.0007685593445785344,
    -0.0006920395535416901,
    6.571431185875554e-06,
    -0.00011936543887713924,
    -0.0009529092349112034,
    -0.0008772028959356248,
    -8.42576555442065e-05,
    -9.311876783613116e-05,
    -0.0008079554536379874,
    -0.0008019197848625481,
    -8.847458229865879e-05,
    -1.001741020445479e-05,
    -0.0006265570409595966,
    -0.0006766562000848353,
    -3.836343239527196e-05,
    0.00010053630830952898,
    -0.0004374315030872822,
    -0.0005341296782717109,
    3.622607619035989e-05,
    0.00021942504099570215,
    -0.0002551522629801184,
    -0.0003952822007704526,
    0.00010869534889934584,
    0.0003224054235033691,
    -9.979293827200308e-05,
    -0.0002791110600810498,
    0.00016296478861477226,
    0.00040126987732946873,
    2.6396812245366164e-05,
    -0.00019102338410448283,
    0.0001838040043367073,
    0.00043287311564199626,
    0.00010092066804645583,
    -0.00014236863353289664,
    0.0001780960155883804,
    0.0004404708743095398,
    0.00015177046589087695,
    -0.00011516819358803332
  ],