{
  "a_imag": [
    -0.5369379425954386,
    -0.5360025165482012,
    -0.27285829151466945,
    -0.13912167986541857,
    -0.181728926642115,
    -0.5022261126481173,
    -0.47918125545631307
  ],
  "a_real": [
    -0.6567963151398086,
    -0.7375768003858786,
    -0.7653528630719079,
    -0.46532230595033125,
    -1.012130449323713,
    -0.5881711594142783,
    -1.1707072087511228
  ],
  "b_imag": [
    0.9662987782832729,
    0.46946720356778004,
    0.20915245739825955,
    0.8441415764096415,
    -1.112474423093723,
    0.020431841514462534,
    -0.9247375508204042
  ],
  "b_real": [
    0.8440050338269347,
    0.1486957371200063,
    -0.8362469496637053,
    0.07313100104615933,
    -0.2739184321614146,
    -1.700541028112599,
    0.9709324302035252
  ],
  "c_imag": [
    -0.3965966622840863,
    -0.2691173213220928,
    -0.4450683555321673,
    -1.0357253198972145,
    1.088310545724005,
    -1.014506678734329,
    0.9178574782329335
  ],
  "c_real": [
    -1.4967515297977765,
    -0.40701675341997107,
    0.7140299025563996,
    0.20716932325921528,
    0.3911387636681979,
    1.8760101741261364,
    -0.5587920379401234
  ],
  "calibration_sigmas": [
    3.3
  ],
  "calibration_standard_count": 3,
  "calibration_standards": [
    "open",
    "short",
    "match_sigma_3p3"
  ],
  "error_db_max": -240.0,
  "error_db_rms": 240.0,
  "error_mag_max": 2.4546367343496763e-14,
  "error_mag_rms": 5.886242632718735e-15,
  "error_uncal_db_max": 25.638471756158552,
  "error_uncal_db_rms": 6.843381151305687,
  "error_uncal_mag_max": 19.139191497907547,
  "error_uncal_mag_rms": 4.371932726981209,
  "f0_hz": 5000000000.0,
  "fixture": "microstrip_lumped",
  "freq_hz": [
    4000000000.0,
    4333333333.333333,
    4666666666.666667,
    5000000000.0,
    5333333333.333333,
    5666666666.666666,
    6000000000.0
  ],
  "metric": "vi",
  "valid_count": 7,
  "valid_mask": [
    true,
    true,
    true,
    true,
    true,
    true,
    true
  ],
  "validation_error_db_max": -11.16920704434602,
  "validation_error_db_rms": 16.44179174938662,
  "validation_error_mag_max": 0.2764010240762966,
  "validation_error_mag_rms": 0.19885086547784903,
  "validation_error_uncal_db_max": 2.0822565375206237,
  "validation_error_uncal_db_rms": 1.808614237430425,
  "validation_error_uncal_mag_max": 1.2709042349614605,
  "validation_error_uncal_mag_rms": 0.9996546915330844,
  "validation_sigma": 6.7,
  "validation_sigma_in_calibration": false
}