{
  "a_imag": [
    -0.7606585684817773,
    -0.7497294446123252,
    -1.0379333513207467,
    -0.8823790581180019,
    -0.7516301670016257,
    -0.6621202387129563,
    -0.45632050671963814,
    -0.5108130263777336,
    -0.43899348319733517,
    -0.2834249109150002,
    -0.17407387361060123,
    -0.1923575689790335,
    -0.2629825366128389,
    -0.34632118283152435,
    -0.6811955976898714,
    -1.0887575228937192,
    -1.192865595576277,
    -0.5922366459674263,
    -0.3707181593197146,
    -0.4580448757576868,
    -1.2122406564362045
  ],
  "a_real": [
    -0.1541056797270548,
    -0.724937196672748,
    -0.5832072110870814,
    -0.2850371313255633,
    -0.2115988260244709,
    -0.35268172566157885,
    -0.47763296668001365,
    -0.3509964099904954,
    0.10483442977368673,
    0.1556970569231848,
    -0.08650350183181305,
    -0.3590416103708517,
    -0.6181198602585602,
    -0.9167318029052423,
    -1.1444144863756696,
    -0.8091736627069216,
    -0.2944995455368049,
    -0.21598280009141013,
    -0.4618636135805281,
    -0.8976842890654831,
    -1.0226862033893322
  ],
  "b_imag": [
    1.1025326048228956,
    0.036089956108914856,
    3.0807857767907603,
    0.5336192832866888,
    0.048011343518788885,
    2.6581146404585567,
    0.01175324552143131,
    0.023180468962979373,
    0.07963172179135589,
    0.7848227864567426,
    0.55228078615324,
    0.2157108888507759,
    -0.16118679844223904,
    -1.0352841481154718,
    0.3384965595626512,
    -0.6614419560208392,
    0.49724051704534805,
    -0.8193910980045007,
    -0.057309719690494976,
    -0.91768453373366,
    -0.520169892970412
  ],
  "b_real": [
    0.05475163712510922,
    1.9359260720389835,
    0.7240478702426707,
    -0.5347056840598289,
    -1.6029065064413945,
    -1.5845378390729157,
    -0.7812494466312888,
    -0.6778632738235328,
    1.9199774423002358,
    -0.18864542323551076,
    0.1505700837270579,
    -0.25799978574178883,
    -0.33120421322549,
    -0.5174707285541031,
    0.8408152352305454,
    0.27877718920757527,
    0.7195482375377462,
    -0.10789117185305364,
    0.6278895581488023,
    0.2516648823934769,
    1.547817871159018
  ],
  "c_imag": [
    -0.43201005161062545,
    1.2911626415623705,
    -0.7041704844534473,
    -0.5677721150827522,
    -1.7055495785770356,
    -3.906522193007161,
    -0.38223834507848997,
    -0.6171562286009368,
    -0.49566109382963125,
    -0.9483582790261141,
    -0.8443474551341918,
    0.5856633553770316,
    0.04072212022359028,
    0.9054268834460084,
    0.21884683757264056,
    0.4383415238020027,
    -0.025489835510092707,
    0.49136446108984416,
    0.8404069953392543,
    0.9014046026588266,
    0.8183236662356361
  ],
  "c_real": [
    -1.447463539062989,
    -1.2040220388206515,
    -1.9321220619929476,
    -0.328210438288833,
    1.251509667488414,
    -0.9249637207610439,
    0.7720833494844261,
    0.11071790807920864,
    -0.13497539499350122,
    -0.12298159313099927,
    0.3428392043683562,
    0.005809779910762786,
    0.4966627299224378,
    0.7523908326677939,
    -1.442223948053829,
    0.11137755629328971,
    -0.9160488366536947,
    1.2217047421560343,
    -0.646968713596777,
    0.04162407254028708,
    -0.6111745000926728
  ],
  "calibration_sigmas": [
    3.3
  ],
  "calibration_standard_count": 3,
  "calibration_standards": [
    "open",
    "short",
    "match_sigma_3p3"
  ],
  "error_db_max": -240.0,
  "error_db_rms": 240.0,
  "error_mag_max": 1.2065345846865552e-14,
  "error_mag_rms": 2.121498150484655e-15,
  "error_uncal_db_max": 7.922470727304949,
  "error_uncal_db_rms": 4.702030868711595,
  "error_uncal_mag_max": 2.489565381896512,
  "error_uncal_mag_rms": 1.3423823995881945,
  "f0_hz": 5000000000.0,
  "fixture": "microstrip_lumped",
  "freq_hz": [
    4000000000.0,
    4100000000.0,
    4200000000.0,
    4300000000.0,
    4400000000.0,
    4500000000.0,
    4600000000.0,
    4700000000.0,
    4800000000.0,
    4900000000.0,
    5000000000.0,
    5100000000.0,
    5200000000.0,
    5300000000.0,
    5400000000.0,
    5500000000.0,
    5600000000.0,
    5700000000.0,
    5800000000.0,
    5900000000.0,
    6000000000.0
  ],
  "metric": "flux",
  "valid_count": 21,
  "valid_mask": [
    true,
    true,
    true,
    true,
    true,
    true,
    true,
    true,
    true,
    true,
    true,
    true,
    true,
    true,
    true,
    true,
    true,
    true,
    true,
    true,
    true
  ],
  "validation_error_db_max": 0.1999454413804834,
  "validation_error_db_rms": 17.237884305050176,
  "validation_error_mag_max": 1.0232865646976272,
  "validation_error_mag_rms": 0.30053825729948713,
  "validation_error_uncal_db_max": 3.834327310920283,
  "validation_error_uncal_db_rms": 4.069284896620124,
  "validation_error_uncal_mag_max": 1.5549497739349323,
  "validation_error_uncal_mag_rms": 0.9566354194641157,
  "validation_sigma": 6.7,
  "validation_sigma_in_calibration": false
}