{
  "backend": "gpu",
  "freq_hz": [
    100000000.0,
    198333333.3333333,
    296666666.6666666,
    395000000.0,
    493333333.3333333,
    591666666.6666666,
    690000000.0,
    788333333.3333333,
    886666666.6666666,
    985000000.0,
    1083333333.3333333,
    1181666666.6666665,
    1280000000.0,
    1378333333.3333333,
    1476666666.6666665,
    1575000000.0,
    1673333333.3333333,
    1771666666.6666665,
    1870000000.0,
    1968333333.3333333,
    2066666666.6666665,
    2165000000.0,
    2263333333.333333,
    2361666666.6666665,
    2460000000.0,
    2558333333.333333,
    2656666666.6666665,
    2755000000.0,
    2853333333.333333,
    2951666666.6666665,
    3050000000.0,
    3148333333.333333,
    3246666666.6666665,
    3345000000.0,
    3443333333.333333,
    3541666666.6666665,
    3640000000.0,
    3738333333.333333,
    3836666666.6666665,
    3935000000.0,
    4033333333.333333,
    4131666666.6666665,
    4230000000.0,
    4328333333.333333,
    4426666666.666666,
    4525000000.0,
    4623333333.333333,
    4721666666.666666,
    4820000000.0,
    4918333333.333333,
    5016666666.666666,
    5115000000.0,
    5150000000.0,
    5213333333.333333,
    5220000000.0,
    5290000000.0,
    5311666666.666666,
    5360000000.0,
    5410000000.0,
    5430000000.0,
    5500000000.0,
    5508333333.333333,
    5570000000.0,
    5606666666.666666,
    5640000000.0,
    5705000000.0,
    5710000000.0,
    5780000000.0,
    5803333333.333333,
    5850000000.0,
    5901666666.666666,
    6000000000.0
  ],
  "i_short_imag": [
    7.190643373178318e-06,
    1.321978634223342e-05,
    1.7727715021464974e-05,
    2.1028215996921062e-05,
    -2.4093969841487706e-05,
    -2.8083065990358592e-05,
    -3.375649394001812e-05,
    -4.106680862605572e-05,
    -4.911673604510725e-05,
    -5.650862585753203e-05,
    6.191912107169629e-05,
    6.462794844992459e-05,
    6.475698319263756e-05,
    6.31200207863003e-05,
    6.0773425502702594e-05,
    0.00040391739860900865,
    -5.6477618636563426e-05,
    -5.429374286904931e-05,
    -5.126030300743878e-05,
    -0.0001098753628556697,
    4.104292602278293e-05,
    3.425721952226013e-05,
    2.7110587689094247e-05,
    1.9931659335270527e-05,
    1.2445187894627453e-05,
    5.51855283061416e-06,
    -5.8126888891734536e-05,
    6.8846759990175e-05,
    8.75337739335548e-05,
    0.0004273563652811284,
    -0.00012608758976424407,
    -6.834609666839242e-05,
    -6.667612469755114e-05,
    -5.762590444646776e-05,
    -4.356078279670328e-05,
    -2.829941804520786e-05,
    -1.587728620506823e-05,
    -1.5510421341836897e-05,
    -0.0006805926805986298,
    7.068450810333689e-05,
    -5.938156093982247e-05,
    -2.616272831801325e-05,
    -2.7649968978948893e-05,
    -2.4542884784750643e-05,
    -1.8053264648187908e-05,
    -1.0612566984491423e-05,
    -4.7802332119317725e-06,
    -4.124096069339516e-06,
    6.785885210243752e-05,
    1.7891933130371616e-05,
    -2.513872763841044e-05,
    -1.1795433965744451e-05,
    -1.2056429841322825e-05,
    -1.1824846296804026e-05,
    -1.1751511920010671e-05,
    -1.0530201689107345e-05,
    -1.0023707727668808e-05,
    -8.780285861575976e-06,
    -7.4639210652094334e-06,
    -6.964259227970615e-06,
    -5.487101952894591e-06,
    -5.347300248104148e-06,
    -2.063640756615979e-05,
    1.1409173016159358e-05,
    4.733876190865608e-06,
    4.358123987913132e-06,
    4.370237365947105e-06,
    4.490380888455547e-06,
    4.466234531719237e-06,
    4.233973595546559e-06,
    3.5950306482845917e-06,
    -1.9448773544853563e-06
  ],
  "i_short_real": [
    5.5154116125777364e-05,
    5.271474365144968e-05,
    4.979223012924194e-05,
    4.744963953271509e-05,
    -4.6269764425233006e-05,
    -4.602203553076834e-05,
    -4.571878525894135e-05,
    -4.403970087878406e-05,
    -3.992518177255988e-05,
    -3.305862774141133e-05,
    2.401275414740667e-05,
    1.3997143832966686e-05,
    4.335516132414341e-06,
    -4.0734899812377994e-06,
    -1.1058346717618406e-05,
    -0.00011813906904955399,
    2.3007229901850224e-05,
    2.933821233455092e-05,
    3.6174716660752894e-05,
    0.00010097145962778137,
    -4.930608556605876e-05,
    -5.4417824139818555e-05,
    -5.839491495862603e-05,
    -6.171033019199968e-05,
    -6.49446272291243e-05,
    -9.89817243394971e-05,
    -0.0005919726296029934,
    0.00024241543272565826,
    0.0001675731353528433,
    0.0004980884552015634,
    -8.909552537696844e-05,
    -2.5308525073342027e-05,
    -5.697099550161511e-06,
    1.0915189341176303e-05,
    2.1278682106640192e-05,
    2.3886500275693835e-05,
    1.954216277226806e-05,
    1.8728007721895186e-05,
    0.00018106254783632986,
    1.5463580565933816e-05,
    -9.48543517258934e-06,
    1.3395585483522156e-06,
    8.81972664501518e-06,
    1.612914347788319e-05,
    2.062758430838585e-05,
    2.103339065797627e-05,
    1.7793092411011457e-05,
    2.378901643854866e-05,
    -0.00017936381790897328,
    -1.6555187183066915e-05,
    1.6064494423986718e-05,
    8.808774873614312e-06,
    1.0017499880632387e-05,
    1.2217600306030364e-05,
    1.2437428813427688e-05,
    1.4451977040152997e-05,
    1.4937366358935833e-05,
    1.574355992488563e-05,
    1.6175011114683003e-05,
    1.624279684619978e-05,
    1.6121585213113578e-05,
    1.608090533409268e-05,
    7.072323589625787e-05,
    -4.064810005663523e-05,
    -1.7082065214055896e-05,
    -1.563009136589244e-05,
    -1.5665951650589705e-05,
    -1.6537623014301062e-05,
    -1.6976760525722058e-05,
    -1.8042355077341198e-05,
    -1.9424523634370418e-05,
    4.196810011090079e-05
  ],
  "method": "thevenin",
  "model": "dir5_s15_longfeed_f20_s2",
  "open_init": "empty",
  "open_run_id": "cbb5572338f1",
  "quality": "coarse",
  "short_init": "solid",
  "short_run_id": "38e2a635b78a",
  "v_open_imag": [
    0.006031574681401253,
    0.010432231239974499,
    0.012312966398894787,
    0.01149189192801714,
    0.008609971031546593,
    0.004851047415286303,
    0.0014894389314576983,
    -0.0005559000419452786,
    -0.0009941058233380318,
    -0.00017331093840766698,
    0.0011501726694405079,
    0.002170525724068284,
    0.0023637586273252964,
    0.0016615442000329494,
    0.0004139624070376158,
    -0.0008198529831133783,
    -0.001545655308291316,
    -0.0015480397269129753,
    -0.0009574939613230526,
    -0.00015578870079480112,
    0.00042261742055416107,
    0.0004944197717122734,
    4.3942742195213214e-05,
    -0.000693265930749476,
    -0.0013613306218758225,
    -0.0016601827228441834,
    -0.0014822109369561076,
    -0.0009489640942774713,
    -0.00033796014031395316,
    5.870715176570229e-05,
    7.322958845179528e-05,
    -0.00026658031856641173,
    -0.0007628616876900196,
    -0.0011522950371727347,
    -0.0012356998631730676,
    -0.0009698991780169308,
    -0.00048039917601272464,
    6.870370270917192e-06,
    0.00027812624466605484,
    0.0002328232949366793,
    -7.424833165714517e-05,
    -0.0004669471236411482,
    -0.0007379176677204669,
    -0.0007491438300348818,
    -0.0004943534731864929,
    -9.522756590740755e-05,
    0.00026367526152171195,
    0.0004272333171684295,
    0.00034361262805759907,
    8.484757563564926e-05,
    -0.0001935955515364185,
    -0.0003322784323245287,
    -0.00032842313521541655,
    -0.0002462607517372817,
    -0.00023235513071995229,
    -3.8105623389128596e-05,
    3.541267506079748e-05,
    0.00020951745682395995,
    0.000387013191357255,
    0.00045248455717228353,
    0.0006344362045638263,
    0.0006498854490928352,
    0.0007148320437408984,
    0.000710256164893508,
    0.0006788099999539554,
    0.000552940065972507,
    0.0005403673276305199,
    0.0003382310678716749,
    0.0002657307777553797,
    0.00012559682363644242,
    -6.081761057430413e-06,
    -0.00013148428115528077
  ],