{
  "backend": "gpu",
  "freq_hz": [
    100000000.0,
    198333333.3333333,
    296666666.6666666,
    395000000.0,
    493333333.3333333,
    591666666.6666666,
    690000000.0,
    788333333.3333333,
    886666666.6666666,
    985000000.0,
    1083333333.3333333,
    1181666666.6666665,
    1280000000.0,
    1378333333.3333333,
    1476666666.6666665,
    1575000000.0,
    1673333333.3333333,
    1771666666.6666665,
    1870000000.0,
    1968333333.3333333,
    2066666666.6666665,
    2165000000.0,
    2263333333.333333,
    2361666666.6666665,
    2400000000.0,
    2408000000.0,
    2416000000.0,
    2424000000.0,
    2432000000.0,
    2440000000.0,
    2448000000.0,
    2456000000.0,
    2460000000.0,
    2464000000.0,
    2472000000.0,
    2480000000.0,
    2558333333.333333,
    2656666666.6666665,
    2755000000.0,
    2853333333.333333,
    2951666666.6666665,
    3050000000.0,
    3148333333.333333,
    3246666666.6666665,
    3345000000.0,
    3443333333.333333,
    3541666666.6666665,
    3640000000.0,
    3738333333.333333,
    3836666666.6666665,
    3935000000.0,
    4033333333.333333,
    4131666666.6666665,
    4230000000.0,
    4328333333.333333,
    4426666666.666666,
    4525000000.0,
    4623333333.333333,
    4721666666.666666,
    4820000000.0,
    4918333333.333333,
    5016666666.666666,
    5115000000.0,
    5213333333.333333,
    5311666666.666666,
    5410000000.0,
    5508333333.333333,
    5606666666.666666,
    5705000000.0,
    5803333333.333333,
    5901666666.666666,
    6000000000.0
  ],
  "i_short_imag": [
    7.3837116360664374e-06,
    9.328797750640662e-06,
    -1.0008305980591104e-05,
    -1.5875145618338137e-05,
    2.4218583712354304e-05,
    2.7112296083942056e-05,
    -2.5678248493932188e-05,
    -2.940536360256374e-05,
    3.9014610229060055e-05,
    4.3187578254505326e-05,
    -0.00014544328631968658,
    -3.915889847193307e-05,
    -0.00014885686107626403,
    7.60135737632422e-05,
    9.352512983905654e-05,
    0.00016567024739342324,
    -4.5042176484543884e-05,
    3.533914277795702e-05,
    4.327057977207005e-05,
    -3.8536568172276024e-05,
    -3.529217501636595e-05,
    4.1560563840903344e-05,
    4.4045032700523735e-05,
    7.643789520262633e-05,
    -0.00011525798747773574,
    -6.196763290844328e-05,
    -4.027166885767747e-05,
    -2.8811666759923053e-05,
    -2.19559422701505e-05,
    -2.0631562802009287e-05,
    -1.9539530330803246e-05,
    -1.849753607530147e-05,
    -1.799608435248956e-05,
    -1.7507919983472676e-05,
    -1.6572009189985693e-05,
    -1.5690291184000672e-05,
    0.00011252928578726391,
    6.772056771053432e-06,
    4.421059352513149e-06,
    -1.0150401553542951e-05,
    -2.073501256073462e-05,
    -3.072108202491809e-08,
    -5.0372269580513855e-05,
    -0.00013029033697601795,
    0.0004265929446639891,
    -0.00016543405013019272,
    -9.954320540898944e-05,
    -8.55499036270998e-05,
    -5.197600311962804e-05,
    2.9710336557724566e-05,
    -5.9127052397684456e-05,
    -0.0001689112909384026,
    -0.00017523146934621595,
    -0.0006506101080980638,
    -5.292352288961411e-05,
    -0.00015912837656506507,
    -0.00020942358428603568,
    3.2172804036104355e-05,
    -0.004413033934934461,
    -0.00012894766414431102,
    1.0343756400587238e-05,
    2.7863457216881218e-05,
    9.052345705311275e-05,
    0.00011993081292958454,
    -5.213727348798158e-06,
    1.170790201285854e-05,
    6.554997333010483e-07,
    1.8597108156739558e-05,
    3.6761492652239552e-06,
    2.0205274395224414e-05,
    0.00014552596015447882,
    0.00039710942219205625
  ],
  "i_short_real": [
    4.3586757965385917e-05,
    3.975725267082453e-05,
    -4.080760118085891e-05,
    -4.336112760938704e-05,
    4.025069938506931e-05,
    3.343063872307539e-05,
    -3.158687613904476e-05,
    -3.4473108826205134e-05,
    3.1683166162110866e-05,
    2.1443079288420472e-05,
    -6.208101941127264e-05,
    -2.180578976190342e-05,
    -5.873295815236634e-05,
    1.678321078347758e-06,
    -3.794186157371805e-05,
    -0.0001305058510835182,
    2.0121270962066013e-05,
    -4.003608046332375e-06,
    -1.3444996147882195e-05,
    2.2180736414156856e-05,
    2.1157080482225865e-05,
    -2.362103550694883e-05,
    -3.786692977882922e-05,
    -0.00011936169114219542,
    0.00023076167409709014,
    0.00013073063369552882,
    8.952297440874223e-05,
    6.748246633186931e-05,
    5.417350373441292e-05,
    5.3611537441611294e-05,
    5.3451757412403826e-05,
    5.3243269212543966e-05,
    5.312295397743583e-05,
    5.299302283674479e-05,
    5.270778783597052e-05,
    5.239428137429059e-05,
    -0.0005771337571563523,
    -6.302947118733139e-05,
    -5.414326172043544e-05,
    3.974013543262935e-05,
    7.110235342431658e-05,
    -8.716036793867891e-05,
    -0.00011495999773548837,
    -0.0001250910630894755,
    0.0002497108295038752,
    -7.944446198317011e-05,
    -2.1644222603395926e-05,
    1.767587878627937e-05,
    1.527067728511169e-05,
    0.00011153250746590246,
    -5.469012049019853e-05,
    -1.54685248474181e-05,
    0.0001030429926690639,
    0.00046980178423944297,
    -2.4139496963471176e-05,
    2.035093230925046e-05,
    0.00024140158019096713,
    0.0004552107145905819,
    -0.0034315961463172746,
    3.934826986255408e-05,
    6.92129161628628e-05,
    -1.7361860955134034e-05,
    0.0005066000310508824,
    5.532298585714136e-05,
    1.2049918681146534e-05,
    -1.203502033604309e-05,
    -9.468774310141942e-05,
    4.000735534049202e-05,
    1.8905553466930604e-05,
    6.103033845246218e-05,
    0.00011393719916950186,
    -2.0798321530716223e-05
  ],
  "method": "thevenin",
  "model": "dir24_s15_gtrim_widefeed_f12_s0",
  "open_init": "empty",
  "open_run_id": "086853b1c1b8",
  "quality": "coarse",
  "short_init": "solid",
  "short_run_id": "b318b8ff91a6",
  "v_open_imag": [
    0.014049654826521873,
    0.014093464240431786,
    0.0047907582484185696,
    -0.00028095574816688895,
    0.002201119204983115,
    0.004324568901211023,
    0.0018737681675702333,
    -0.0005265991785563529,
    0.0006443598540499806,
    0.002155281836166978,
    0.0009174562292173505,
    -0.0007232682546600699,
    -5.609753497992642e-05,
    0.0011321756755933166,
    0.0004071250732522458,
    -0.0008547902689315379,
    -0.000450833176728338,
    0.0005434409831650555,
    0.00011118072870885953,
    -0.0009106967481784523,
    -0.0006664255051873624,
    0.00019477862224448472,
    -4.70182130811736e-05,
    -0.0008982608560472727,
    -0.001000462332740426,
    -0.0009952152613550425,
    -0.0009808465838432312,
    -0.0009576600859872997,
    -0.0009260944207198918,
    -0.000886715657543391,
    -0.0008402095409110188,
    -0.0007873660651966929,
    -0.0007588408770971,
    -0.0007290698122233152,
    -0.0006662839441560209,
    -0.0006000361172482371,
    7.284754246938974e-06,
    -9.46182117331773e-05,
    -0.0008134386735036969,
    -0.0007540396763943136,
    -7.469451520591974e-05,
    -8.073360368143767e-05,
    -0.0006923063774593174,
    -0.000685293460264802,
    -7.265189924510196e-05,
    -5.698283530364279e-06,
    -0.0005315425805747509,
    -0.0005690640537068248,
    -2.404913720965851e-05,
    8.096854435279965e-05,
    -0.0003916779241990298,
    -0.0004685079329647124,
    3.5886761907022446e-05,
    0.00019798164430540055,
    -0.00021608518727589399,
    -0.00033997371792793274,
    9.751116158440709e-05,
    0.0002833079779520631,
    -8.63214663695544e-05,
    -0.00024907710030674934,
    0.00012703043466899544,
    0.00032720257877372205,
    -5.772463282482931e-06,
    -0.00019904898363165557,
    0.0001354642299702391,
    0.0003733894263859838,
    9.738024527905509e-05,
    -0.00012827469618059695,
    0.00012388717732392251,
    0.00034137757029384375,
    9.719620720716193e-05,
    -0.0001305632758885622
  ],