{
  "a_imag": [
    0.4252064155941537,
    0.41520858628208085,
    0.20195971594133147,
    0.6724163013379528,
    0.42497019917533646,
    -0.8460623948454272,
    -0.6615822864888645,
    -0.5589325340799498,
    0.41760510961684066,
    0.41610430065291926,
    -0.24263617071764226,
    -0.16188407700071,
    0.0216437024812404,
    -0.10026995455186107,
    -0.3031455048977109,
    -0.5636440633925099,
    -1.1581029950642547,
    -0.20382995352071703,
    -0.45086269025465586,
    0.17638213193807975,
    0.19202940003415345,
    0.7465158558852049,
    -0.6422821697079923,
    -0.31902745370517216,
    -0.1645096648123466,
    0.010063917762131424,
    0.04800030589659312,
    -0.3068246840647746,
    0.3619170304981058,
    0.2562201664270742,
    0.08848892669734439,
    -0.16556933564077989,
    -0.2386340030411496,
    0.13062201932257914,
    0.5366682177021063,
    0.33597060113930544,
    0.4510604329823028,
    0.14773195268082376,
    0.016163645065641948,
    -0.7753011761114256,
    -0.3295744957800206,
    0.26172333029579914,
    0.12684308882630457,
    0.4515631537412933,
    1.0874283797515638,
    0.10510462493989947,
    0.23868218120530535,
    0.24166807568750623,
    0.6299013657818168,
    0.7200653738636064,
    -0.27874178441650815,
    0.24678528041442327,
    0.21737583624719994,
    0.3774131373851885,
    0.19055532890685956,
    -0.36919526965518584,
    -0.19156994822573356,
    0.08569642016311127,
    0.04333334182281847,
    0.01831146380540338,
    0.1507428374158875
  ],
  "a_real": [
    -0.3554035554873449,
    -0.4043248761599226,
    -0.3240692619501372,
    0.1283851377367337,
    -1.0698040339973016,
    -0.35961191033485523,
    -0.5269214253495739,
    -0.7563895503323754,
    -0.8847069380289794,
    -0.6859860083271898,
    -0.4742618844112133,
    -0.7169518111714913,
    -0.8158818602236633,
    -0.8368683619590007,
    -0.695361651649553,
    -0.43517596657848145,
    0.2326312846655236,
    0.15226914838522565,
    -0.6602759725047246,
    -0.7617567143954691,
    -0.28383070636925356,
    -0.15681826403144708,
    -0.4439143218321079,
    -0.7334791127134394,
    -0.9811309097653376,
    -0.7611822738225947,
    -0.5009760634282213,
    -0.5973474035652206,
    -0.5831168989786117,
    -0.8662331129951902,
    -0.7901354064852768,
    -0.8241082568744591,
    -0.753382229542408,
    -0.49250029738894086,
    -0.5406674089270146,
    -0.4725490410396115,
    -0.42361604080094467,
    -0.1821373228134335,
    -0.04903660728067784,
    -0.2540247590162503,
    -0.5190855109918812,
    -0.6413740157677552,
    -0.48606056933558633,
    -0.2210405523580321,
    -0.8399783285284037,
    -0.9935183667469064,
    -0.7953208296833314,
    -0.4638851403340073,
    -0.45749771713682746,
    -1.15112304013133,
    -0.9259013582368596,
    -0.9687255155702291,
    -0.741816518825988,
    -0.6963999856400299,
    -0.8151239969428278,
    -0.9032707352899416,
    -0.9496936295762994,
    -0.9116135660864236,
    -0.7652953193980926,
    -0.740797404656825,
    -0.830170959823313
  ],
  "b_imag": [
    -0.5235471009067494,
    -0.35473297576075524,
    -0.6262464338614212,
    0.22561032667381864,
    0.8193859533715555,
    -0.439932373155268,
    -0.5589368599040232,
    -1.3764391813857335,
    -0.6253460706030227,
    -0.33736603493452844,
    -1.8182490065244794,
    -1.677052216601126,
    -1.7673719842611415,
    -1.7627455712584712,
    -1.0597982061886058,
    -0.607336946447697,
    0.7584397709276156,
    0.13713816984265495,
    -0.13302222436632669,
    -1.0559414709230321,
    0.15798452196211446,
    0.29445639637644994,
    0.8393106153630705,
    -0.5929867387324007,
    -0.06996519530978837,
    0.905264628939724,
    2.04582080985889,
    -1.4240691507189664,
    2.292936518391879,
    0.22775857859952287,
    -0.954383697936539,
    -2.1130381411681083,
    -2.043028888066627,
    -1.439577675807359,
    -0.6086102248453166,
    -0.6505150425631406,
    -1.126100024421182,
    -1.017265338566513,
    -0.5139227123446366,
    0.18467392367944604,
    -0.1729333047281142,
    1.136252767136572,
    -2.8728847227761967,
    -1.2195919041214502,
    1.6929777404284971,
    -3.5142263065273798,
    0.6465876593315295,
    1.4246515024550082,
    2.4864818228729115,
    4.682351525768549,
    -0.6220230302149554,
    -2.984036402260317,
    -0.10339736551699562,
    0.5521589778639369,
    -0.0641336584528116,
    -1.2251140145966373,
    -0.9616739757921392,
    -0.5512827691213148,
    -0.95967861578444,
    -0.636159930514247,
    -0.6517507712804608
  ],
  "b_real": [
    -1.5455926336346923,
    -1.6738074826284124,
    -0.6074715458453207,
    -0.8715293882911541,
    -0.8343231067403345,
    0.7587774371337672,
    0.5265027835612879,
    1.2947424309162245,
    0.3444747140404421,
    -0.35111959833794665,
    -0.03370047385094155,
    -0.7715342690836464,
    -0.4851795970302194,
    1.2642400440721624,
    1.1527425307955965,
    1.2946899384405164,
    1.5773367784352148,
    0.28232072356661536,
    0.8046383288581369,
    0.7060855331436279,
    1.0082057473809694,
    0.08012876620989742,
    0.8653537529959568,
    0.41256461666850497,
    0.39116451707080924,
    0.8637879794136177,
    0.7126707022367372,
    4.0159787845799055,
    -1.1964504204858726,
    -2.8592565797728984,
    -2.758287769344915,
    0.02507887009301213,
    0.3618816641233049,
    -0.21245283810540472,
    -0.27683277352970903,
    -0.14051243705786493,
    -0.9357613898081658,
    0.19513180946672912,
    1.1825468416974332,
    -2.4398457718467386,
    -1.1910516173187409,
    0.9318209925039589,
    3.05705314037621,
    2.604078735396959,
    1.8933673146345578,
    -2.0506128093577516,
    -1.1639135065376385,
    -0.39172353033651913,
    -1.0295230526295005,
    -0.53042553826,
    -1.3650233459954966,
    -1.8393064624462603,
    -0.3671810743218125,
    -0.9973676215128648,
    -1.3789517482434948,
    -0.796596849315,
    -1.0877937886125797,
    -1.249323041800822,
    -1.956027654340172,
    -1.1268743258195464,
    -0.8625511641155161
  ],
  "c_imag": [
    2.5559852358889192,
    2.2788549140336554,
    1.8056628148647338,
    1.6905763458394238,
    -0.8437265079566035,
    1.107123187778361,
    1.0541123828499819,
    1.9108239241901324,
    0.3707230850595482,
    0.571236764505823,
    1.5430216603644948,
    1.4686465426692106,
    1.8796921898673702,
    2.021648877628807,
    1.7965687418973948,
    2.1976834084206502,
    3.0091450932269592,
    1.366507865271413,
    0.27882899628355334,
    1.0212742611161274,
    -0.5448679843930997,
    -0.7568652436435048,
    0.2934963016994549,
    0.7869049474708474,
    -0.025175075958571075,
    -0.8637595830606388,
    -2.11054263252621,
    1.7364255752820275,
    -2.7453570194475385,
    -0.6805969588689106,
    0.38091930523550255,
    2.3200197481623603,
    2.365939254718434,
    0.30384381387849035,
    -0.6101611713773014,
    0.5073871109941025,
    1.0823366120474467,
    1.7814088044003453,
    2.343377450966177,
    -2.416091990095948,
    0.28743403648556576,
    -1.1913601758353654,
    1.6058592130758005,
    0.2759658404438018,
    -3.6595569790523648,
    3.7407683389943265,
    -0.32583549548486834,
    -1.4134686218959778,
    -1.6553043970676629,
    -5.277241556539809,
    0.1785549414415234,
    3.561627628138643,
    0.4183096281635177,
    -0.2753671895755829,
    0.5850974054257502,
    0.842617631277157,
    0.7344075095719704,
    0.7527657798808394,
    1.4155945957569038,
    0.9459806655565671,
    0.9121699445989043
  ],