{
  "backend": "gpu",
  "freq_hz": [
    100000000.0,
    198333333.3333333,
    296666666.6666666,
    395000000.0,
    493333333.3333333,
    591666666.6666666,
    690000000.0,
    788333333.3333333,
    886666666.6666666,
    985000000.0,
    1083333333.3333333,
    1181666666.6666665,
    1280000000.0,
    1378333333.3333333,
    1476666666.6666665,
    1575000000.0,
    1673333333.3333333,
    1771666666.6666665,
    1870000000.0,
    1968333333.3333333,
    2066666666.6666665,
    2165000000.0,
    2263333333.333333,
    2361666666.6666665,
    2460000000.0,
    2558333333.333333,
    2656666666.6666665,
    2755000000.0,
    2853333333.333333,
    2951666666.6666665,
    3050000000.0,
    3148333333.333333,
    3246666666.6666665,
    3345000000.0,
    3443333333.333333,
    3541666666.6666665,
    3640000000.0,
    3738333333.333333,
    3836666666.6666665,
    3935000000.0,
    4033333333.333333,
    4131666666.6666665,
    4230000000.0,
    4328333333.333333,
    4426666666.666666,
    4525000000.0,
    4623333333.333333,
    4721666666.666666,
    4820000000.0,
    4918333333.333333,
    5016666666.666666,
    5115000000.0,
    5150000000.0,
    5213333333.333333,
    5220000000.0,
    5290000000.0,
    5311666666.666666,
    5360000000.0,
    5410000000.0,
    5430000000.0,
    5500000000.0,
    5508333333.333333,
    5570000000.0,
    5606666666.666666,
    5640000000.0,
    5705000000.0,
    5710000000.0,
    5780000000.0,
    5803333333.333333,
    5850000000.0,
    5901666666.666666,
    6000000000.0
  ],
  "i_short_imag": [
    5.952521314611659e-06,
    1.1335950694046916e-05,
    1.604783901711926e-05,
    2.025254216277972e-05,
    2.7070179355162812e-05,
    -2.890859905164689e-05,
    -3.400634741410613e-05,
    -3.9450870826840403e-05,
    -4.4658774277195336e-05,
    -4.8967171460390096e-05,
    5.198685103096068e-05,
    5.385262193158269e-05,
    5.52237150259316e-05,
    5.699785542674363e-05,
    5.98431273829192e-05,
    -6.375082302838564e-05,
    -6.782826385460794e-05,
    -7.046024547889829e-05,
    -6.98153511621058e-05,
    -6.45197811536491e-05,
    5.423555849120021e-05,
    3.990318509750068e-05,
    2.3535231593996287e-05,
    7.622373232152313e-06,
    -5.633219552692026e-06,
    -1.4974498481024058e-05,
    -2.0401523215696216e-05,
    -0.000615339153190128,
    2.4640600895509127e-05,
    3.186002702173783e-05,
    -3.091781691182405e-05,
    -3.681015514302999e-05,
    -4.383041814435274e-05,
    -5.065851146355272e-05,
    -5.586724728345871e-05,
    -5.833639879710973e-05,
    -5.750132258981467e-05,
    -5.340218194760382e-05,
    -9.833297556189165e-05,
    0.0037902151234447956,
    -9.021710917254297e-05,
    -1.911769504658878e-05,
    -1.1035986972274259e-05,
    -4.928791167913005e-06,
    -1.2528477782325355e-06,
    -3.264863153162878e-08,
    -8.179151336662472e-07,
    -3.638668458048505e-06,
    1.7147506185557154e-05,
    6.9141439129329454e-06,
    -1.0453064068231799e-05,
    -4.916785110253841e-06,
    -4.255294697941281e-06,
    -2.9218514100648464e-06,
    -2.7781152311945334e-06,
    -1.3319171557668598e-06,
    -9.314094313594978e-07,
    -1.6562846667511623e-07,
    4.0375207390752624e-07,
    5.628638064081315e-07,
    8.230748790083453e-07,
    8.264391908596735e-07,
    7.183090019680095e-07,
    6.751060132330068e-07,
    2.255537783040021e-06,
    -3.444903031455528e-07,
    -3.16872253222408e-07,
    -5.454432084661676e-07,
    -7.391997314698529e-07,
    -1.3286496141518002e-06,
    -2.301139647897799e-06,
    -3.835888001654273e-05
  ],
  "i_short_real": [
    5.2458106074482204e-05,
    5.105736781843007e-05,
    4.923933884128928e-05,
    4.745196201838553e-05,
    5.09322984499984e-05,
    -4.4341103057377046e-05,
    -4.2318220948800445e-05,
    -3.927315119653941e-05,
    -3.493365074973554e-05,
    -2.9492584872059524e-05,
    2.356524200877175e-05,
    1.7904456763062628e-05,
    1.2993463315069675e-05,
    8.7124906713143e-06,
    4.2603918700478974e-06,
    1.5910698493826203e-06,
    9.982412302633748e-06,
    2.1392415510490538e-05,
    3.525236388668418e-05,
    4.9936102004721765e-05,
    -6.316620856523514e-05,
    -7.27059436030686e-05,
    -7.708313059993089e-05,
    -7.607194129377604e-05,
    -7.0747931022197e-05,
    -6.309800082817674e-05,
    -5.533663206733764e-05,
    -0.001313553949984962,
    4.536581982392818e-05,
    5.1502995701475395e-05,
    -4.2352877790108324e-05,
    -4.0389219066128135e-05,
    -3.6312916199676694e-05,
    -2.9488856671378017e-05,
    -2.0081577531527728e-05,
    -8.933088247431442e-06,
    2.7277415938442574e-06,
    1.3611590838991106e-05,
    4.776448201363481e-05,
    -0.0029016821645200253,
    0.00010298505386436026,
    3.2832089345902205e-05,
    3.063342883251608e-05,
    2.651468967087567e-05,
    2.1427450701594355e-05,
    1.6439646424259992e-05,
    1.2524062185548246e-05,
    1.3592140153956698e-05,
    -3.530681369024997e-05,
    -1.245144775568907e-05,
    2.1763629672794772e-05,
    1.4371359429787845e-05,
    1.4730442489963026e-05,
    1.5043836901895703e-05,
    1.5050621004775167e-05,
    1.48369261296466e-05,
    1.46769656566903e-05,
    1.4201815065462143e-05,
    1.3606283755507321e-05,
    1.3359427975956351e-05,
    1.25702383229509e-05,
    1.2491796223912389e-05,
    1.2074822734575719e-05,
    1.381836707051723e-05,
    5.897727774389638e-05,
    -1.3496476755422791e-05,
    -1.248698993500322e-05,
    -1.3302620209287853e-05,
    -1.3627385487779976e-05,
    -1.4289491809904576e-05,
    -1.4950164768379182e-05,
    -0.00012090346508831369
  ],
  "method": "thevenin",
  "model": "dir5_stub1_tight",
  "open_init": "empty",
  "open_run_id": "fa25647bce69",
  "quality": "coarse",
  "short_init": "solid",
  "short_run_id": "409d134e88c2",
  "v_open_imag": [
    0.007614775560796261,
    0.013171282596886158,
    0.015547455288469791,
    0.014513303525745869,
    0.0108771538361907,
    0.0061325933784246445,
    0.0018878038972616196,
    -0.0006969433161430061,
    -0.001253562862984836,
    -0.0002202711475547403,
    0.0014492642367258668,
    0.0027381961699575186,
    0.002984540304169059,
    0.0021007892210036516,
    0.0005273863789625466,
    -0.001030893181450665,
    -0.00195025943685323,
    -0.001957880100235343,
    -0.0012168704997748137,
    -0.00020754396973643452,
    0.000522557005751878,
    0.0006155279697850347,
    5.018394222133793e-05,
    -0.00087809341493994,
    -0.001721738139167428,
    -0.002102557336911559,
    -0.001883865101262927,
    -0.0012170679401606321,
    -0.00045008218148723245,
    5.00994901813101e-05,
    7.184337300714105e-05,
    -0.0003513392002787441,
    -0.0009725699201226234,
    -0.0014624942559748888,
    -0.0015715169720351696,
    -0.001244714600034058,
    -0.0006375599186867476,
    -3.042163370992057e-05,
    0.00031206541461870074,
    0.00026681041345000267,
    -9.611024870537221e-05,
    -0.0005570637877099216,
    -0.0008602607995271683,
    -0.0008393052266910672,
    -0.0004939939244650304,
    1.644750955165364e-05,
    0.00045692670391872525,
    0.000633495335932821,
    0.00048604150651954114,
    0.00011293994612060487,
    -0.0002817079075612128,
    -0.0004900285857729614,
    -0.0004937303601764143,
    -0.00040063541382551193,
    -0.00038382672937586904,
    -0.00014221997116692364,
    -4.9024649342754856e-05,
    0.00017397206102032214,
    0.00040439286385662854,
    0.0004903233493678272,
    0.0007340717711485922,
    0.0007554565090686083,
    0.0008521833224222064,
    0.0008554979576729238,
    0.0008240056340582669,
    0.0006802563439123333,
    0.0006654775934293866,
    0.0004240778216626495,
    0.00033641603658907115,
    0.00016598876391071826,
    4.88938076159684e-06,
    -0.00014949745673220605
  ],