{
  "backend": "gpu",
  "freq_hz": [
    100000000.0,
    198333333.3333333,
    296666666.6666666,
    395000000.0,
    493333333.3333333,
    591666666.6666666,
    690000000.0,
    788333333.3333333,
    886666666.6666666,
    985000000.0,
    1083333333.3333333,
    1181666666.6666665,
    1280000000.0,
    1378333333.3333333,
    1476666666.6666665,
    1575000000.0,
    1673333333.3333333,
    1771666666.6666665,
    1870000000.0,
    1968333333.3333333,
    2066666666.6666665,
    2165000000.0,
    2263333333.333333,
    2361666666.6666665,
    2460000000.0,
    2558333333.333333,
    2656666666.6666665,
    2755000000.0,
    2853333333.333333,
    2951666666.6666665,
    3050000000.0,
    3148333333.333333,
    3246666666.6666665,
    3345000000.0,
    3443333333.333333,
    3541666666.6666665,
    3640000000.0,
    3738333333.333333,
    3836666666.6666665,
    3935000000.0,
    4033333333.333333,
    4131666666.6666665,
    4230000000.0,
    4328333333.333333,
    4426666666.666666,
    4525000000.0,
    4623333333.333333,
    4721666666.666666,
    4820000000.0,
    4918333333.333333,
    5016666666.666666,
    5115000000.0,
    5150000000.0,
    5213333333.333333,
    5220000000.0,
    5290000000.0,
    5311666666.666666,
    5360000000.0,
    5410000000.0,
    5430000000.0,
    5500000000.0,
    5508333333.333333,
    5570000000.0,
    5606666666.666666,
    5640000000.0,
    5705000000.0,
    5710000000.0,
    5780000000.0,
    5803333333.333333,
    5850000000.0,
    5901666666.666666,
    6000000000.0
  ],
  "i_short_imag": [
    1.2261896335985513e-05,
    2.2563776292372497e-05,
    3.0309645808301866e-05,
    3.602062352001667e-05,
    0.00017444286952456067,
    -4.776674031745643e-05,
    -5.6516838958486916e-05,
    -6.710971938446164e-05,
    -7.792015094310045e-05,
    -8.690337999723853e-05,
    9.267494315281511e-05,
    9.529433446004988e-05,
    9.63026424869895e-05,
    9.79259959422052e-05,
    0.00010178550146520138,
    -0.00010774704860523344,
    -0.00011353428708389403,
    -0.00011540987761691213,
    -0.00010972858872264624,
    -0.0016945099325903269,
    7.169609889388085e-05,
    4.500704526435584e-05,
    2.0706462964881212e-05,
    4.306632763473317e-06,
    -1.4335776540974621e-06,
    2.5857545060893254e-06,
    -2.0972601839588394e-05,
    -1.6028006211854517e-05,
    -1.3086733815725893e-05,
    1.6749820364392043e-06,
    -2.6363189681433143e-05,
    -5.611709784716368e-05,
    -8.33026715554297e-05,
    -0.00010103709064424038,
    -0.00010539182694628835,
    -9.659539791755379e-05,
    -0.00010038624920645922,
    -0.00011595456339296585,
    -0.00016550384205467962,
    -0.0002871379492340072,
    -4.5976487534080234e-05,
    -3.128011012449861e-05,
    -3.874082758557052e-05,
    -4.626926966011524e-05,
    -5.173450917936862e-05,
    -0.00013139196867577814,
    9.131033052901169e-05,
    5.508838221430779e-05,
    5.457221996039153e-05,
    6.539304254199577e-05,
    -6.423228954048124e-05,
    -4.8517319373786453e-05,
    -4.676590906456113e-05,
    -4.2895498336292806e-05,
    -4.2438038508407776e-05,
    -3.7133981822989885e-05,
    -3.5333933192305266e-05,
    -3.112568520009518e-05,
    -2.659769670572132e-05,
    -2.4766504066064957e-05,
    -1.841399498516694e-05,
    -1.767305366229266e-05,
    -2.7989390294962262e-05,
    -5.276929398822828e-05,
    0.0002909651526688777,
    6.8206118777448776e-06,
    5.4721843697190465e-06,
    -4.867397944518186e-06,
    -7.061897037907762e-06,
    -1.1564507536935691e-05,
    -1.9526850483116633e-05,
    6.987538104311329e-05
  ],
  "i_short_real": [
    9.361006086692215e-05,
    8.939421968534589e-05,
    8.42738663777709e-05,
    7.997757056728006e-05,
    0.00032721614389264456,
    -7.604880956932903e-05,
    -7.437400054186583e-05,
    -7.047812105156482e-05,
    -6.319438107311725e-05,
    -5.274808499962092e-05,
    4.070206196047366e-05,
    2.9157605604268613e-05,
    1.958797802217305e-05,
    1.1905276187462734e-05,
    4.290660217520781e-06,
    6.0294609284028414e-06,
    2.134684764314443e-05,
    4.2025692528113724e-05,
    6.577357416972519e-05,
    0.0015757538642941576,
    -0.00010379200102761388,
    -0.0001091558369807899,
    -0.00010358368745073677,
    -9.020526777021588e-05,
    -7.494207238778472e-05,
    -7.439131379320279e-05,
    0.00012785816704860315,
    7.205723086372018e-05,
    8.773013832978905e-05,
    0.00011545180198529427,
    -0.00011236512800678612,
    -0.0001088742632418871,
    -9.18556354008615e-05,
    -6.446305196732283e-05,
    -3.3070860081352296e-05,
    -4.982771861250513e-06,
    1.7924517386976977e-05,
    4.322379604299118e-05,
    7.742431318891008e-05,
    9.371007640779045e-05,
    -1.416826760400121e-06,
    -8.493527275277302e-06,
    -1.1187436757609249e-05,
    -8.970957424025983e-06,
    -3.4251814213348555e-06,
    8.297108391246196e-06,
    -1.6812635848791216e-05,
    -1.6348496137652548e-05,
    -2.232749538961798e-05,
    -3.502273728836122e-05,
    4.4551098415179104e-05,
    4.3839201680384576e-05,
    4.65741177322343e-05,
    5.125352181494236e-05,
    5.1716837333515286e-05,
    5.612153327092529e-05,
    5.7288381503894926e-05,
    5.950985942035914e-05,
    6.122557097114623e-05,
    6.174449808895589e-05,
    6.284071132540703e-05,
    6.29010086413473e-05,
    0.00014248261872690373,
    0.0003523271280713113,
    -0.0026592709300615495,
    -0.0001908423756208798,
    -0.00018046169740712793,
    -0.00011558326693088824,
    -0.00010877184746408252,
    -0.00010647392745222028,
    -0.00012691763235428693,
    0.00030509446984968016
  ],
  "method": "thevenin",
  "model": "dir5_port0_gtrim_matchpad",
  "open_init": "empty",
  "open_run_id": "7677bc09532f",
  "quality": "coarse",
  "short_init": "solid",
  "short_run_id": "90546d96d3f1",
  "v_open_imag": [
    0.008877194486558437,
    0.015356895513832569,
    0.018131457269191742,
    0.016931077465415,
    0.012694885954260826,
    0.0071609606966376305,
    0.0022029338870197535,
    -0.0008246672223322093,
    -0.0014880712842568755,
    -0.0002924427390098572,
    0.0016546999104321003,
    0.0031686227302998304,
    0.003474050434306264,
    0.002462425734847784,
    0.0006404735031537712,
    -0.001173942000605166,
    -0.002252235310152173,
    -0.002269858494400978,
    -0.0014078159583732486,
    -0.00021821726113557816,
    0.0006632321747019887,
    0.000814656785223633,
    0.0002004598209168762,
    -0.0008482584380544722,
    -0.0018198994221165776,
    -0.002275909995660186,
    -0.0020495764911174774,
    -0.0013024724321439862,
    -0.0004234164080116898,
    0.00017108469910454005,
    0.00023420261277351528,
    -0.00020858377683907747,
    -0.0008933641947805882,
    -0.0014627001946792006,
    -0.0016451062401756644,
    -0.0013809071388095617,
    -0.0008371529402211308,
    -0.00031075396691448987,
    -7.285564061021432e-05,
    -0.00023321107437368482,
    -0.0006899376166984439,
    -0.0011857597855851054,
    -0.0014393170131370425,
    -0.0012849197955802083,
    -0.0007523915264755487,
    -5.0039292545989156e-05,
    0.0005381436203606427,
    0.0007889536791481078,
    0.000643380219116807,
    0.00022836901189293712,
    -0.0002108508488163352,
    -0.0004324655747041106,
    -0.00043033063411712646,
    -0.00031356734689325094,
    -0.00029344213544391096,
    -1.1127290235890541e-05,
    9.570591646479443e-05,
    0.0003479303850326687,
    0.0006032334640622139,
    0.0006966759683564305,
    0.0009520871681161225,
    0.0009731719619594514,
    0.0010559915099292994,
    0.0010417359881103039,
    0.0009891049703583121,
    0.0007940027280710638,
    0.0007749237702228129,
    0.0004727541236206889,
    0.0003659884969238192,
    0.00016185932327061892,
    -2.649650923558511e-05,
    -0.00019529779092408717
  ],