{
  "backend": "gpu",
  "freq_hz": [
    100000000.0,
    198333333.3333333,
    296666666.6666666,
    395000000.0,
    493333333.3333333,
    591666666.6666666,
    690000000.0,
    788333333.3333333,
    886666666.6666666,
    985000000.0,
    1083333333.3333333,
    1181666666.6666665,
    1280000000.0,
    1378333333.3333333,
    1476666666.6666665,
    1575000000.0,
    1673333333.3333333,
    1771666666.6666665,
    1870000000.0,
    1968333333.3333333,
    2066666666.6666665,
    2165000000.0,
    2263333333.333333,
    2361666666.6666665,
    2460000000.0,
    2558333333.333333,
    2656666666.6666665,
    2755000000.0,
    2853333333.333333,
    2951666666.6666665,
    3050000000.0,
    3148333333.333333,
    3246666666.6666665,
    3345000000.0,
    3443333333.333333,
    3541666666.6666665,
    3640000000.0,
    3738333333.333333,
    3836666666.6666665,
    3935000000.0,
    4033333333.333333,
    4131666666.6666665,
    4230000000.0,
    4328333333.333333,
    4426666666.666666,
    4525000000.0,
    4623333333.333333,
    4721666666.666666,
    4820000000.0,
    4918333333.333333,
    5016666666.666666,
    5115000000.0,
    5150000000.0,
    5213333333.333333,
    5220000000.0,
    5290000000.0,
    5311666666.666666,
    5360000000.0,
    5410000000.0,
    5430000000.0,
    5500000000.0,
    5508333333.333333,
    5570000000.0,
    5606666666.666666,
    5640000000.0,
    5705000000.0,
    5710000000.0,
    5780000000.0,
    5803333333.333333,
    5850000000.0,
    5901666666.666666,
    6000000000.0
  ],
  "i_short_imag": [
    1.1511462071212009e-05,
    2.142100420314819e-05,
    2.9305712087079885e-05,
    3.5638641566038136e-05,
    -0.0003346830174199465,
    -4.8924959264695646e-05,
    -5.7929690228775144e-05,
    -6.823496078141033e-05,
    -7.837243028916419e-05,
    -8.664790075272322e-05,
    9.206621907651425e-05,
    9.492863900959492e-05,
    9.673462482169272e-05,
    9.936500573530793e-05,
    0.00010390928946435452,
    -0.00010973148746415973,
    -0.00011431740131229162,
    -0.00011410840088501573,
    -0.00010605314746499063,
    0.007750775792430557,
    7.80297576141342e-05,
    4.026497772429139e-05,
    1.8844391161110255e-05,
    6.235297041712329e-06,
    4.206967244832119e-06,
    2.1860319465984822e-05,
    -1.8466713663656267e-05,
    -2.2175145568326118e-05,
    -1.558264339109883e-05,
    4.010228170498524e-06,
    -3.978680082506759e-05,
    -6.358160171657801e-05,
    -9.063588804565371e-05,
    -0.0001070194047934947,
    -0.0001223926184098855,
    -0.00012952190842086762,
    -0.00013093455695543184,
    -0.0001363738080002787,
    -0.00018434436466262355,
    -0.0004559182993851228,
    -3.466449732865115e-05,
    -3.2357440795749425e-05,
    -4.2002863483503465e-05,
    -5.087194149382413e-05,
    -5.6718394625931984e-05,
    -0.00017862895395130351,
    0.0001805309584463715,
    7.188989531809637e-05,
    5.486100296029025e-05,
    8.3117810826345e-05,
    -8.86980769101928e-05,
    -4.408590320963413e-05,
    -4.1964650154113774e-05,
    -3.757730883080512e-05,
    -3.707815485540778e-05,
    -3.150307456962765e-05,
    -2.968618937302381e-05,
    -2.556706313043833e-05,
    -2.132929803337902e-05,
    -1.96739929378964e-05,
    -2.0464076642012346e-05,
    -2.093313680425925e-05,
    -2.8858118150010633e-05,
    -5.0526427763569084e-05,
    0.0004144323216223024,
    9.967952980028977e-06,
    8.794925076272194e-06,
    1.4684889275772108e-06,
    5.316251743023237e-07,
    -6.684137728276236e-07,
    -1.7072011530773157e-06,
    6.917032367624975e-06
  ],
  "i_short_real": [
    9.287649299949408e-05,
    8.935548830777407e-05,
    8.503769640810788e-05,
    8.129371562972666e-05,
    -0.0006318567793746151,
    -7.6944223837927e-05,
    -7.447932148352265e-05,
    -6.983474595472217e-05,
    -6.218717899173499e-05,
    -5.192763055674732e-05,
    4.0514214197173716e-05,
    2.9699053266085686e-05,
    2.050351176876575e-05,
    1.2490870722103865e-05,
    3.780602855840698e-06,
    8.096061355900019e-06,
    2.4831583141349258e-05,
    4.610611067619175e-05,
    6.913378601893783e-05,
    -0.007761215370060393,
    -0.00012115862850547934,
    -0.00010426166700199247,
    -9.65320272371173e-05,
    -8.276303415186704e-05,
    -7.08329374314586e-05,
    -0.00013423328567210851,
    6.498001748695969e-05,
    7.77200737502426e-05,
    9.565700893290342e-05,
    0.00013620252818126043,
    -0.0001479055289975971,
    -0.00011113112559542061,
    -9.006539476104082e-05,
    -5.9804552450882945e-05,
    -3.002301135149903e-05,
    2.0663475655219176e-06,
    3.2814575635086365e-05,
    6.0695099820792915e-05,
    9.181952853625908e-05,
    9.854013946322496e-05,
    -8.46844382472444e-06,
    -1.3837195001542569e-05,
    -1.534049224574119e-05,
    -1.1223286128370093e-05,
    -3.538861346896738e-06,
    1.604752303649426e-05,
    -4.179111081082044e-05,
    -2.6169073367335007e-05,
    -2.715624074048915e-05,
    -5.311315437003398e-05,
    7.241270158500312e-05,
    4.644310101866722e-05,
    4.86366858240217e-05,
    5.220995517447591e-05,
    5.2548188250511885e-05,
    5.5556942243129015e-05,
    5.626634228974581e-05,
    5.743957590311766e-05,
    5.8053858811035756e-05,
    5.8134953724220396e-05,
    8.312722728460396e-05,
    8.864626207332508e-05,
    0.00017166304652889482,
    0.0003803072969606697,
    -0.003978807052697345,
    -0.00017430330662879327,
    -0.000162715566150454,
    -8.766653936613418e-05,
    -7.78694097007211e-05,
    -6.759766777546444e-05,
    -6.94323655235293e-05,
    0.00014650749194219378
  ],
  "method": "thevenin",
  "model": "dir5_port0_gtrim_nostub_widefeed",
  "open_init": "empty",
  "open_run_id": "9a1d38c9571e",
  "quality": "coarse",
  "short_init": "solid",
  "short_run_id": "5abf7ea15f71",
  "v_open_imag": [
    0.00905647873878479,
    0.015667641535401344,
    0.01849973015487194,
    0.017277337610721588,
    0.012958082370460033,
    0.007314539048820734,
    0.002257740590721369,
    -0.0008305723313242197,
    -0.0015077575808390975,
    -0.0002889965835493058,
    0.00169592525344342,
    0.0032383196521550417,
    0.0035472142044454813,
    0.0025119853671640158,
    0.0006499401642940938,
    -0.0012041478184983134,
    -0.0023069302551448345,
    -0.0023279781453311443,
    -0.0014534321380779147,
    -0.00024838809622451663,
    0.0006373415235430002,
    0.0007737218984402716,
    0.00012704700930044055,
    -0.0009603777434676886,
    -0.0019616580102592707,
    -0.0024261686485260725,
    -0.0021843877620995045,
    -0.0014062593691051006,
    -0.0004968615830875933,
    0.00011045366409234703,
    0.00015975024143699557,
    -0.0003191062423866242,
    -0.0010438056197017431,
    -0.0016298969276249409,
    -0.001779912505298853,
    -0.001419715234078467,
    -0.0007208716124296188,
    -5.314114787324797e-06,
    0.0004155492933932692,
    0.00038703795871697366,
    -2.596488775452599e-05,
    -0.000584579014685005,
    -0.0010017496533691883,
    -0.0010832470143213868,
    -0.0008148984052240849,
    -0.00035671162186190486,
    4.8369103751610965e-05,
    0.0002021521795541048,
    5.0705071771517396e-05,
    -0.0002924095024354756,
    -0.0006080374587327242,
    -0.0006851835059933364,
    -0.0006320900283753872,
    -0.00042880888213403523,
    -0.0004001630295533687,
    -3.691107121994719e-05,
    9.15041018743068e-05,
    0.0003855419054161757,
    0.0006748716696165502,
    0.000779378809966147,
    0.0010630233446136117,
    0.001086475676856935,
    0.0011812878074124455,
    0.0011702773626893759,
    0.0011186773190274835,
    0.0009219447965733707,
    0.0009026046027429402,
    0.0005958879482932389,
    0.0004875203303527087,
    0.00028055981965735555,
    9.01386738405563e-05,
    -7.813725824235007e-05
  ],