{
  "backend": "gpu",
  "freq_hz": [
    100000000.0,
    198333333.3333333,
    296666666.6666666,
    395000000.0,
    493333333.3333333,
    591666666.6666666,
    690000000.0,
    788333333.3333333,
    886666666.6666666,
    985000000.0,
    1083333333.3333333,
    1181666666.6666665,
    1280000000.0,
    1378333333.3333333,
    1476666666.6666665,
    1575000000.0,
    1673333333.3333333,
    1771666666.6666665,
    1870000000.0,
    1968333333.3333333,
    2066666666.6666665,
    2165000000.0,
    2263333333.333333,
    2361666666.6666665,
    2460000000.0,
    2558333333.333333,
    2656666666.6666665,
    2755000000.0,
    2853333333.333333,
    2951666666.6666665,
    3050000000.0,
    3148333333.333333,
    3246666666.6666665,
    3345000000.0,
    3443333333.333333,
    3541666666.6666665,
    3640000000.0,
    3738333333.333333,
    3836666666.6666665,
    3935000000.0,
    4033333333.333333,
    4131666666.6666665,
    4230000000.0,
    4328333333.333333,
    4426666666.666666,
    4525000000.0,
    4623333333.333333,
    4721666666.666666,
    4820000000.0,
    4918333333.333333,
    5016666666.666666,
    5115000000.0,
    5150000000.0,
    5213333333.333333,
    5220000000.0,
    5290000000.0,
    5311666666.666666,
    5360000000.0,
    5410000000.0,
    5430000000.0,
    5500000000.0,
    5508333333.333333,
    5570000000.0,
    5606666666.666666,
    5640000000.0,
    5705000000.0,
    5710000000.0,
    5780000000.0,
    5803333333.333333,
    5850000000.0,
    5901666666.666666,
    6000000000.0
  ],
  "i_short_imag": [
    5.952521314611659e-06,
    1.1335950694046916e-05,
    1.604783901711926e-05,
    2.025254216277972e-05,
    5.64671017341655e-05,
    -2.890859905164689e-05,
    -3.400634741410613e-05,
    -3.9450870826840403e-05,
    -4.4658774277195336e-05,
    -4.8967171460390096e-05,
    5.198685103096068e-05,
    5.385262193158269e-05,
    5.52237150259316e-05,
    5.699785542674363e-05,
    5.98431273829192e-05,
    -6.375082302838564e-05,
    -6.782826385460794e-05,
    -7.046024547889829e-05,
    -6.98153511621058e-05,
    -6.45197811536491e-05,
    5.423555849120021e-05,
    3.990318509750068e-05,
    2.3535231593996287e-05,
    7.622373232152313e-06,
    -5.633219552692026e-06,
    -1.4974498481024058e-05,
    -2.7427179156612343e-05,
    -0.0013969385508238558,
    4.215847215308597e-05,
    9.557191260006905e-05,
    -4.1915738372214276e-05,
    -3.681015514302999e-05,
    -4.383041814435274e-05,
    -5.065851146355272e-05,
    -5.586724728345871e-05,
    -5.961878691556821e-05,
    -8.293277578382249e-05,
    -0.00013139578731125108,
    -0.00030620642207039757,
    0.0037902151234447956,
    -0.0003391412920768057,
    -3.2784254303675696e-05,
    -1.1035986972274259e-05,
    -4.928791167913005e-06,
    -1.2528477782325355e-06,
    -3.264863153162878e-08,
    -8.638967381212594e-07,
    -7.811609403603122e-06,
    4.046032298722832e-05,
    1.9421047488338947e-05,
    -4.117113854373115e-05,
    -4.916785110253841e-06,
    -4.255294697941281e-06,
    -2.9218514100648464e-06,
    -2.7781152311945334e-06,
    -1.3319171557668598e-06,
    -9.314094313594978e-07,
    -1.6562846667511623e-07,
    4.0375207390752624e-07,
    5.628638064081315e-07,
    8.230748790083453e-07,
    8.264391908596735e-07,
    9.83034891337789e-07,
    1.5626432657223391e-06,
    5.283859257364164e-06,
    -8.424101671187523e-07,
    -7.783083787853032e-07,
    -7.399230780870006e-07,
    -9.187704321365467e-07,
    -1.5430394065695412e-06,
    -2.9702936935785286e-06,
    -0.00020565709260701154
  ],
  "i_short_real": [
    5.2458106074482204e-05,
    5.105736781843007e-05,
    4.923933884128928e-05,
    4.745196201838553e-05,
    0.00010624234292642137,
    -4.4341103057377046e-05,
    -4.2318220948800445e-05,
    -3.927315119653941e-05,
    -3.493365074973554e-05,
    -2.9492584872059524e-05,
    2.356524200877175e-05,
    1.7904456763062628e-05,
    1.2993463315069675e-05,
    8.7124906713143e-06,
    4.2603918700478974e-06,
    1.5910698493826203e-06,
    9.982412302633748e-06,
    2.1392415510490538e-05,
    3.525236388668418e-05,
    4.9936102004721765e-05,
    -6.316620856523514e-05,
    -7.27059436030686e-05,
    -7.708313059993089e-05,
    -7.607194129377604e-05,
    -7.0747931022197e-05,
    -6.309800082817674e-05,
    -7.439286300283317e-05,
    -0.002982020795861788,
    7.761797936094831e-05,
    0.00015449578245695572,
    -5.741841831276345e-05,
    -4.0389219066128135e-05,
    -3.6312916199676694e-05,
    -2.9488856671378017e-05,
    -2.0081577531527728e-05,
    -9.129461120386617e-06,
    3.934156151715423e-06,
    3.349124754120838e-05,
    0.00014873740020442447,
    -0.0029016821645200253,
    0.0003871381443331398,
    5.630258060995276e-05,
    3.063342883251608e-05,
    2.651468967087567e-05,
    2.1427450701594355e-05,
    1.6439646424259992e-05,
    1.3228140701621826e-05,
    2.9180039639743495e-05,
    -8.330803733784994e-05,
    -3.4974707094175876e-05,
    8.571969009510352e-05,
    1.4371359429787845e-05,
    1.4730442489963026e-05,
    1.5043836901895703e-05,
    1.5050621004775167e-05,
    1.48369261296466e-05,
    1.46769656566903e-05,
    1.4201815065462143e-05,
    1.3606283755507321e-05,
    1.3359427975956351e-05,
    1.25702383229509e-05,
    1.2491796223912389e-05,
    1.6524882776473052e-05,
    3.198487026151015e-05,
    0.00013816112384568954,
    -3.300403272670999e-05,
    -3.0670810692280216e-05,
    -1.8045720506004134e-05,
    -1.6937829277349434e-05,
    -1.659523227770743e-05,
    -1.9297559872145937e-05,
    -0.0006482111861830359
  ],
  "method": "thevenin",
  "model": "dir5_stub2",
  "open_init": "empty",
  "open_run_id": "231331a0d9a7",
  "quality": "coarse",
  "short_init": "solid",
  "short_run_id": "ac79a8470f5c",
  "v_open_imag": [
    0.0075849611312150955,
    0.013119843788444996,
    0.01548701524734497,
    0.01445731706917286,
    0.010835733264684677,
    0.006109798327088356,
    0.0018812816124409437,
    -0.0006940548773854971,
    -0.0012493663234636188,
    -0.00022083913790993392,
    0.001441892352886498,
    0.002726109931245446,
    0.0029723322950303555,
    0.002093082992359996,
    0.0005266655352897942,
    -0.001025249483063817,
    -0.0019414136186242104,
    -0.0019498415058478713,
    -0.0012125375214964151,
    -0.00020740411127917469,
    0.0005204976769164205,
    0.0006146214436739683,
    5.341065116226673e-05,
    -0.0008696115110069513,
    -0.0017092757625505328,
    -0.0020891400054097176,
    -0.0018727739807218313,
    -0.0012102317996323109,
    -0.0004471408319659531,
    5.159861393622123e-05,
    7.520735380239785e-05,
    -0.0003436383558437228,
    -0.0009602089412510395,
    -0.0014475719071924686,
    -0.001557613955810666,
    -0.001235142583027482,
    -0.0006336402730084956,
    -3.0659022741019726e-05,
    0.0003114108694717288,
    0.0002698857570067048,
    -8.710307884030044e-05,
    -0.0005436613573692739,
    -0.0008480467367917299,
    -0.0008363761007785797,
    -0.0005080042174085975,
    -1.841426274040714e-05,
    0.0004033655277453363,
    0.0005697561427950859,
    0.0004250012570992112,
    6.808275065850466e-05,
    -0.0003004881727974862,
    -0.0004795740242116153,
    -0.0004735891707241535,
    -0.0003654749016277492,
    -0.0003473250544629991,
    -9.497693827142939e-05,
    2.096920468375174e-07,
    0.00022527876717504114,
    0.0004544955736491829,
    0.0005390612059272826,
    0.0007746980991214514,
    0.0007948306738398969,
    0.0008810415747575462,
    0.0008775008609518409,
    0.0008397402707487345,
    0.0006845885654911399,
    0.0006690117879770696,
    0.00041818394674919546,
    0.0003282136167399585,
    0.00015455808897968382,
    -7.95135201769881e-06,
    -0.00015960869495756924
  ],