{
  "a_imag": [
    -0.36467702665612867,
    0.32232322991750095,
    -0.08509908900870224,
    0.22938363867035783,
    -0.3654648164426071,
    -0.4471715623182444,
    0.060881076088825425
  ],
  "a_real": [
    -0.006906626166696184,
    -0.2197370613702515,
    -0.47547211866034733,
    -0.8468572019502248,
    -0.18013351156400315,
    -0.17309903089451734,
    -0.2508863922550495
  ],
  "b_imag": [
    0.39823434743230374,
    0.9281128104958973,
    0.038681152595257194,
    1.0086964159755616,
    -1.252239073620892,
    -0.7079066993446049,
    -0.2592718373870956
  ],
  "b_real": [
    0.1887949117246164,
    0.6226136059109338,
    0.06411199969620639,
    -0.7243379341640761,
    0.02352101320036848,
    -0.2535099999756941,
    -0.08415113785079868
  ],
  "c_imag": [
    0.0009135484942498495,
    -1.738606070564389,
    -0.3005754111765267,
    -1.3304779866977663,
    2.212985622081343,
    0.6124412349038695,
    1.271363833423209
  ],
  "c_real": [
    -1.2500794906842736,
    0.46572462921852886,
    -0.07150507105969559,
    0.6810020766391562,
    1.15667054094469,
    1.4981927886766082,
    0.08798083789279446
  ],
  "calibration_sigmas": [
    3.3
  ],
  "calibration_standard_count": 3,
  "calibration_standards": [
    "open",
    "short",
    "match_sigma_3p3"
  ],
  "error_db_max": -240.0,
  "error_db_rms": 240.0,
  "error_mag_max": 3.821636370361749e-15,
  "error_mag_rms": 1.0426720441197356e-15,
  "error_uncal_db_max": 6.896341268202417,
  "error_uncal_db_rms": 4.944554547545203,
  "error_uncal_mag_max": 2.2121626905265557,
  "error_uncal_mag_rms": 1.1794303053216797,
  "f0_hz": 5000000000.0,
  "fixture": "microstrip_lumped",
  "freq_hz": [
    4000000000.0,
    4333333333.333333,
    4666666666.666667,
    5000000000.0,
    5333333333.333333,
    5666666666.666666,
    6000000000.0
  ],
  "metric": "vi",
  "valid_count": 7,
  "valid_mask": [
    true,
    true,
    true,
    true,
    true,
    true,
    true
  ],
  "validation_error_db_max": -3.48902680774337,
  "validation_error_db_rms": 15.712176302613411,
  "validation_error_mag_max": 0.6691887936981639,
  "validation_error_mag_rms": 0.38302148396497127,
  "validation_error_uncal_db_max": -0.5846905967000723,
  "validation_error_uncal_db_rms": 5.710369428138052,
  "validation_error_uncal_mag_max": 0.9349006681602718,
  "validation_error_uncal_mag_rms": 0.587683755308305,
  "validation_sigma": 6.7,
  "validation_sigma_in_calibration": false
}