{
  "backend": "gpu",
  "freq_hz": [
    100000000.0,
    198333333.3333333,
    296666666.6666666,
    395000000.0,
    493333333.3333333,
    591666666.6666666,
    690000000.0,
    788333333.3333333,
    886666666.6666666,
    985000000.0,
    1083333333.3333333,
    1181666666.6666665,
    1280000000.0,
    1378333333.3333333,
    1476666666.6666665,
    1575000000.0,
    1673333333.3333333,
    1771666666.6666665,
    1870000000.0,
    1968333333.3333333,
    2066666666.6666665,
    2165000000.0,
    2263333333.333333,
    2361666666.6666665,
    2400000000.0,
    2408000000.0,
    2416000000.0,
    2424000000.0,
    2432000000.0,
    2440000000.0,
    2448000000.0,
    2456000000.0,
    2460000000.0,
    2464000000.0,
    2472000000.0,
    2480000000.0,
    2558333333.333333,
    2656666666.6666665,
    2755000000.0,
    2853333333.333333,
    2951666666.6666665,
    3050000000.0,
    3148333333.333333,
    3246666666.6666665,
    3345000000.0,
    3443333333.333333,
    3541666666.6666665,
    3640000000.0,
    3738333333.333333,
    3836666666.6666665,
    3935000000.0,
    4033333333.333333,
    4131666666.6666665,
    4230000000.0,
    4328333333.333333,
    4426666666.666666,
    4525000000.0,
    4623333333.333333,
    4721666666.666666,
    4820000000.0,
    4918333333.333333,
    5016666666.666666,
    5115000000.0,
    5213333333.333333,
    5311666666.666666,
    5410000000.0,
    5508333333.333333,
    5606666666.666666,
    5705000000.0,
    5803333333.333333,
    5901666666.666666,
    6000000000.0
  ],
  "i_short_imag": [
    1.6869948012754322e-06,
    6.8437162553891545e-06,
    -1.1519892723299563e-05,
    -1.243817387148738e-05,
    1.40438336529769e-05,
    1.9708197214640677e-05,
    -2.4261143698822708e-05,
    -2.3750979744363578e-05,
    2.4285513791255654e-05,
    3.169890260323882e-05,
    0.002251345106598899,
    -4.034344747196883e-05,
    0.0001640719910846396,
    2.910910116042942e-05,
    2.9282214411544534e-05,
    -2.8259344981051983e-05,
    -3.286838182248175e-05,
    3.9391595055349175e-05,
    3.923783369828016e-05,
    0.00031624177304903845,
    -2.340119244763628e-05,
    2.6850981521420183e-05,
    3.0340373632498087e-05,
    3.075185524400211e-05,
    0.0005521021243085874,
    -9.420291959039087e-05,
    -3.731343241201953e-05,
    -2.081888758695611e-05,
    -1.3941268844064326e-05,
    -1.3119254435878248e-05,
    -1.2359190441202374e-05,
    -1.1666504724416883e-05,
    -1.1346823157509789e-05,
    -1.1045492283301429e-05,
    -1.0499299241928385e-05,
    -1.0029738041339443e-05,
    -1.4908522782435855e-05,
    8.93760661710985e-06,
    -2.929892695203551e-06,
    -5.883831803466344e-05,
    0.0002088059713944075,
    -1.4864724565919604e-05,
    -2.728130766827531e-05,
    -9.035477477501267e-05,
    -0.00018551690268246054,
    -9.709953358696752e-05,
    -9.557740122545511e-06,
    -1.9941836944781245e-05,
    0.0017292345183068005,
    -0.0002923126012190082,
    -4.525023312747562e-05,
    -7.991106271539922e-06,
    -1.0210965337535072e-05,
    -6.943656656651842e-05,
    -6.006535113556311e-06,
    -4.1262577724410224e-06,
    9.415732109497487e-06,
    1.326785422861576e-05,
    -1.920674533689963e-05,
    -1.3097051123622805e-05,
    -1.9354139864591908e-05,
    1.579122035764158e-05,
    6.765418820104761e-05,
    -7.456371531588957e-06,
    -6.361968553392217e-06,
    1.1876543593678859e-05,
    8.089494076557458e-06,
    -8.447540312772617e-06,
    -7.706782344030217e-06,
    2.4388661622096974e-05,
    -4.1675039028632457e-07,
    1.0046694694709539e-05
  ],
  "i_short_real": [
    3.274120972491801e-05,
    3.382136346772313e-05,
    -3.104485513176769e-05,
    -2.8595826006494465e-05,
    2.976269752252847e-05,
    2.97674210742116e-05,
    -2.503182913642377e-05,
    -2.117358526447788e-05,
    2.2823637118563058e-05,
    2.3579421394970268e-05,
    0.0008957759376084615,
    -4.143457408645191e-06,
    -1.2282329590139766e-05,
    -3.1158775527728722e-06,
    -2.1600879336901625e-06,
    6.772894266759978e-07,
    4.7515677579212936e-07,
    -6.612107245018706e-06,
    -1.8641538918018342e-05,
    -0.00027149362024442736,
    2.302426873939112e-05,
    -2.1124423074070365e-05,
    -2.9933641781099143e-05,
    -5.507089284336956e-05,
    -0.0013052640595041306,
    0.00023625118436671887,
    9.924186885483912e-05,
    5.868393799540199e-05,
    4.160039534326643e-05,
    4.1370512917637825e-05,
    4.1089204023592175e-05,
    4.0765115409158176e-05,
    4.058992490172387e-05,
    4.040763597004116e-05,
    4.0026553324423734e-05,
    3.9632004336453976e-05,
    6.128190907670681e-05,
    -4.2638619197532536e-05,
    -5.934562790795283e-05,
    -0.0001456449533459956,
    0.0003409559828157457,
    -3.685042713407871e-05,
    -5.140361310704912e-05,
    -6.885984977737978e-05,
    -2.0760198741783157e-05,
    3.9954047137346486e-05,
    -1.2332661754044238e-06,
    -2.0496765500865877e-05,
    0.0005007609577337174,
    9.550323460830232e-05,
    5.5087936169390885e-05,
    2.7189573446846306e-05,
    1.7214416710998083e-05,
    5.962702594072398e-05,
    7.785674097249285e-06,
    2.948791734525003e-06,
    1.1407123966907156e-06,
    -1.1256649486313108e-06,
    6.469800259900863e-06,
    5.0762133469106635e-06,
    8.163544149672825e-06,
    -1.1192086094524712e-05,
    -8.572554880994966e-05,
    1.4541999553330244e-05,
    1.22414727229625e-05,
    -1.8945528909934065e-05,
    -1.2804796278942377e-05,
    1.4766157255508007e-05,
    1.8039558199234307e-05,
    -0.0001200717543973793,
    -2.1473012748174372e-05,
    6.202688926179782e-05
  ],
  "method": "thevenin",
  "model": "dir24_long_port0_nostub_longfeed",
  "open_init": "empty",
  "open_run_id": "6f99cd24f86a",
  "quality": "coarse",
  "short_init": "solid",
  "short_run_id": "a4219904e820",
  "v_open_imag": [
    0.015143453143537045,
    0.015187102369964123,
    0.005158681888133287,
    -0.0003039577859453857,
    0.002373388735577464,
    0.004658026620745659,
    0.002013916615396738,
    -0.000569267722312361,
    0.0006954604759812355,
    0.002319815568625927,
    0.0009830226190388203,
    -0.0007805984932929277,
    -5.803065869258717e-05,
    0.0012183493236079812,
    0.0004338812141213566,
    -0.0009202912915498018,
    -0.0004793492844328284,
    0.0005886023864150047,
    0.00011839633953059092,
    -0.0009785168804228306,
    -0.0007098933565430343,
    0.00021548768563661724,
    -4.728497879114002e-05,
    -0.0009559885365888476,
    -0.0010613438207656145,
    -0.0010547693818807602,
    -0.0010384165216237307,
    -0.0010126226115971804,
    -0.0009778696112334728,
    -0.0009347756858915091,
    -0.0008840869995765388,
    -0.0008266613585874438,
    -0.0007957183406688273,
    -0.0007634571520611644,
    -0.0006955161225050688,
    -0.0006239483482204378,
    2.7113617761642672e-05,
    -9.225997200701386e-05,
    -0.0008674193522892892,
    -0.0007948873098939657,
    -5.756121390732005e-05,
    -6.67565836920403e-05,
    -0.0007322299061343074,
    -0.0007306407205760479,
    -7.009130058577284e-05,
    1.2617124411917757e-05,
    -0.0005453724297694862,
    -0.0005960913258604705,
    -2.6786450689542107e-05,
    9.153133578365669e-05,
    -0.0003927852085325867,
    -0.0004722903249785304,
    4.2768708226503804e-05,
    0.00020235858391970396,
    -0.0002240637259092182,
    -0.00035090584424324334,
    7.932387961773202e-05,
    0.00023966154549270868,
    -0.00014208148058969527,
    -0.0002771959116216749,
    0.00013442484487313777,
    0.0003385692834854126,
    -2.3365282686427236e-05,
    -0.0002871812612283975,
    -7.536046177847311e-05,
    7.504340464947745e-05,
    -0.00011459928646218032,
    -0.00012707305722869933,
    0.0002081674028886482,
    0.0002725769591052085,
    -0.00010186343570239842,
    -0.00017029218724928796
  ],