{
  "backend": "gpu",
  "freq_hz": [
    100000000.0,
    198333333.3333333,
    296666666.6666666,
    395000000.0,
    493333333.3333333,
    591666666.6666666,
    690000000.0,
    788333333.3333333,
    886666666.6666666,
    985000000.0,
    1083333333.3333333,
    1181666666.6666665,
    1280000000.0,
    1378333333.3333333,
    1476666666.6666665,
    1575000000.0,
    1673333333.3333333,
    1771666666.6666665,
    1870000000.0,
    1968333333.3333333,
    2066666666.6666665,
    2165000000.0,
    2263333333.333333,
    2361666666.6666665,
    2400000000.0,
    2408000000.0,
    2416000000.0,
    2424000000.0,
    2432000000.0,
    2440000000.0,
    2448000000.0,
    2456000000.0,
    2460000000.0,
    2464000000.0,
    2472000000.0,
    2480000000.0,
    2558333333.333333,
    2656666666.6666665,
    2755000000.0,
    2853333333.333333,
    2951666666.6666665,
    3050000000.0,
    3148333333.333333,
    3246666666.6666665,
    3345000000.0,
    3443333333.333333,
    3541666666.6666665,
    3640000000.0,
    3738333333.333333,
    3836666666.6666665,
    3935000000.0,
    4033333333.333333,
    4131666666.6666665,
    4230000000.0,
    4328333333.333333,
    4426666666.666666,
    4525000000.0,
    4623333333.333333,
    4721666666.666666,
    4820000000.0,
    4918333333.333333,
    5016666666.666666,
    5115000000.0,
    5213333333.333333,
    5311666666.666666,
    5410000000.0,
    5508333333.333333,
    5606666666.666666,
    5705000000.0,
    5803333333.333333,
    5901666666.666666,
    6000000000.0
  ],
  "i_short_imag": [
    -2.7340380256646314e-06,
    4.99541565659456e-06,
    -1.3056094758212566e-05,
    -1.0557880159467459e-05,
    6.946295616216958e-06,
    1.4024307893123479e-05,
    -2.289886906510219e-05,
    -2.0520864927675576e-05,
    1.508436689618975e-05,
    2.1595474390778693e-05,
    -4.0182537697872944e-05,
    -3.4494118881411855e-05,
    -0.0004221623947006359,
    2.7118599645836763e-05,
    3.487970244679463e-05,
    -2.3185330792330206e-05,
    -1.9975839168800005e-05,
    2.596776466816664e-05,
    3.6634319227257836e-05,
    -2.9944092966616156e-05,
    -1.5713203174527736e-05,
    1.88097715944354e-05,
    2.0711210274888354e-05,
    -2.014948840951547e-05,
    -1.7099246906582267e-05,
    -1.6351552039850505e-05,
    -1.5592821000609547e-05,
    -1.483592059230432e-05,
    -1.4093724894337356e-05,
    -1.337881840299815e-05,
    -1.2703471293207258e-05,
    -1.2079269799869509e-05,
    -1.1789757263613866e-05,
    -1.15169670607429e-05,
    -1.1026212450815365e-05,
    -1.0615536302793772e-05,
    -1.1543169239303098e-05,
    1.9242549573191483e-05,
    1.3011626264719528e-05,
    1.6006511427195826e-05,
    2.1620283951051535e-05,
    -6.471909421538468e-06,
    1.1711207044715314e-06,
    0.000157904879163327,
    5.0033238949254155e-05,
    -0.0003310133527797978,
    -2.975474627127643e-05,
    -1.8976763426306356e-05,
    4.090771411245091e-05,
    3.565576334949583e-05,
    -3.5219878314397344e-05,
    -4.955943471418487e-05,
    -8.762471748729641e-05,
    5.686734220944345e-05,
    6.535290140163852e-07,
    8.350463063910958e-05,
    -3.123442293144763e-05,
    9.187491377815606e-06,
    -3.348712972573538e-05,
    4.485440282943074e-06,
    2.3836052764320623e-05,
    1.3505737456319747e-05,
    8.819838952318888e-07,
    3.927066427422688e-06,
    1.0949363186010135e-05,
    6.419843518737792e-06,
    3.231512528145686e-06,
    -1.3651486369781197e-06,
    3.722754432017918e-06,
    4.488168481372071e-06,
    -1.6914395018829965e-06,
    -1.7551943745537422e-05
  ],
  "i_short_real": [
    2.5476980954408646e-05,
    3.0497839907184245e-05,
    -2.4861586280167106e-05,
    -1.830880646593869e-05,
    2.2162288951221856e-05,
    2.725069643929601e-05,
    -2.120265125995502e-05,
    -1.2598218745552003e-05,
    1.533643080620095e-05,
    2.1862385619897398e-05,
    -1.8983762376923806e-05,
    -1.8330076272832231e-06,
    6.1858379820555e-05,
    -7.577472721612117e-07,
    -1.85953623005059e-06,
    5.445963324746117e-06,
    3.2720089586707483e-06,
    1.053651430993341e-07,
    -9.107772049339513e-06,
    2.343152591492981e-05,
    2.546167524997145e-05,
    -2.5559934773073207e-05,
    -1.6143452796947673e-05,
    2.4632934946566822e-05,
    2.7229610714130105e-05,
    2.7532351668924094e-05,
    2.7743936516344548e-05,
    2.7863762807101014e-05,
    2.789293939713389e-05,
    2.7834359207190575e-05,
    2.7692446019500496e-05,
    2.747338730841875e-05,
    2.7337222127243878e-05,
    2.7184764621779323e-05,
    2.683567290659994e-05,
    2.6436467305757108e-05,
    2.253685670439154e-05,
    -2.993658151934414e-05,
    -5.501846542972488e-05,
    5.883101375625263e-05,
    2.6175798848271373e-05,
    -1.9131435026952985e-05,
    -4.1541338089581377e-05,
    0.00033637399796935245,
    2.9855195316486063e-05,
    5.8271783054760624e-06,
    4.143928452931338e-06,
    -1.6538958509115232e-05,
    1.8712710271576105e-05,
    8.058641469688155e-07,
    -1.7302429014453609e-06,
    -1.2553113818958505e-05,
    1.5136237529069788e-05,
    -6.10511691775173e-05,
    -8.077960810624064e-05,
    7.902217951117871e-05,
    8.144041930790991e-06,
    1.2368481839075686e-05,
    3.0144987936941864e-05,
    3.708057568600949e-05,
    1.739848948276543e-05,
    -1.0231127682296966e-06,
    -6.334617699109019e-06,
    1.0149261652259157e-05,
    5.022253799923467e-06,
    -3.7719193938147345e-06,
    -1.5202474969555624e-06,
    7.890659617260098e-06,
    7.88898699200089e-06,
    6.310542793070325e-06,
    -5.817314740852453e-06,
    -2.9593595797463167e-05
  ],
  "method": "thevenin",
  "model": "dir24_long",
  "open_init": "empty",
  "open_run_id": "86bb409279b0",
  "quality": "coarse",
  "short_init": "solid",
  "short_run_id": "727d72ead0e9",
  "v_open_imag": [
    0.014511194080114365,
    0.014555633999407291,
    0.004947246052324772,
    -0.00028940089396201074,
    0.0022756208200007677,
    0.004468023777008057,
    0.0019354777177795768,
    -0.0005428530857898295,
    0.0006682233652099967,
    0.0022281836718320847,
    0.0009478062274865806,
    -0.000746607780456543,
    -5.5760676332283765e-05,
    0.0011710618855431676,
    0.00041957307257689536,
    -0.0008842479437589645,
    -0.0004648706817533821,
    0.0005617866409011185,
    0.00011110086052212864,
    -0.0009469973738305271,
    -0.000692592526320368,
    0.00019885001529473811,
    -5.321532080415636e-05,
    -0.0009349039755761623,
    -0.0010403398191556334,
    -0.0010348194045946002,
    -0.0010198572417721152,
    -0.0009957714937627316,
    -0.0009630187414586544,
    -0.0009221885120496154,
    -0.0008739933255128562,
    -0.0008192539680749178,
    -0.0007897136965766549,
    -0.0007588892476633191,
    -0.0006938989390619099,
    -0.0006253496394492686,
    1.3969207657282823e-06,
    -0.00010998670768458396,
    -0.0008573560626246035,
    -0.0007910022977739573,
    -8.058162347879261e-05,
    -8.750685810809955e-05,
    -0.0007276146789081395,
    -0.0007222665008157492,
    -8.27519252197817e-05,
    -1.2880374924861826e-05,
    -0.0005669249221682549,
    -0.0006120865000411868,
    -3.725521673914045e-05,
    9.011516522150487e-05,
    -0.0003929619851987809,
    -0.00048235704889521003,
    2.968144508486148e-05,
    0.0001979055959964171,
    -0.00022627231373917311,
    -0.0003548339009284973,
    9.592008427716792e-05,
    0.00029151205671951175,
    -8.366096153622493e-05,
    -0.00024677530745975673,
    0.00014585221651941538,
    0.00036048583569936454,
    2.7773692636401393e-05,
    -0.00016657249943818897,
    0.00016923116345424205,
    0.00039606564678251743,
    0.00010283354640705511,
    -0.00011624740000115708,
    0.0001665539457462728,
    0.00040038631414063275,
    0.0001433487777831033,
    -9.539955499349162e-05
  ],